Num1,Num2,Product,Cache_Misses,Execution_Time
1,1,01,3698,0.004088143
1,2,02,2864,0.005919639
1,3,03,3624,0.012674613
1,4,04,2917,0.004500551
1,5,05,2717,0.005366322
1,6,06,2694,0.005305872
1,7,07,2710,0.005267030
1,8,08,2726,0.003916921
1,9,09,2818,0.004191307
1,10,10,2713,0.004140971
1,11,11,2860,0.004893341
1,12,12,2914,0.006108434
1,13,13,2782,0.005435058
1,14,14,2884,0.005324990
1,15,15,2768,0.004939791
1,16,16,3502,0.004544923
1,17,17,2716,0.004303092
1,18,18,2841,0.003275595
1,19,19,2942,0.002848986
1,20,20,2727,0.004851259
1,21,21,2924,0.004829820
1,22,22,2815,0.005299804
1,23,23,2721,0.004472026
1,24,24,2806,0.004813552
1,25,25,2806,0.005329417
1,26,26,2766,0.003565702
1,27,27,2895,0.004122086
1,28,28,2694,0.003992121
1,29,29,2815,0.004474736
1,30,30,2620,0.003640778
1,31,31,2873,0.003795795
1,32,32,2778,0.004404267
1,33,33,2850,0.005668016
1,34,34,3025,0.003963826
1,35,35,2777,0.003656891
1,36,36,2795,0.004616106
1,37,37,2730,0.007489148
1,38,38,2643,0.005674798
1,39,39,2715,0.003952998
1,40,40,2792,0.003928154
1,41,41,2749,0.003869513
1,42,42,2882,0.004496387
1,43,43,2779,0.005745734
1,44,44,2715,0.005506934
1,45,45,2973,0.004381813
1,46,46,3160,0.004379673
1,47,47,2681,0.004388548
1,48,48,3003,0.004769333
1,49,49,2795,0.004688357
1,50,50,2701,0.004090135
2,1,02,2820,0.003605122
2,2,04,2829,0.003250188
2,3,06,3227,0.004305156
2,4,08,2809,0.004208588
2,5,10,2739,0.005138871
2,6,12,2760,0.003812331
2,7,14,2957,0.004897519
2,8,16,2741,0.003874434
2,9,18,2737,0.004184112
2,10,20,2744,0.006330589
2,11,22,2747,0.006135426
2,12,24,2677,0.004865145
2,13,26,2780,0.003696018
2,14,28,2781,0.004389870
2,15,30,2728,0.004599539
2,16,32,2885,0.003167992
2,17,34,2903,0.003643617
2,18,36,2889,0.004366982
2,19,38,2769,0.004683332
2,20,40,2887,0.003914971
2,21,42,2760,0.006098769
2,22,44,2670,0.004062844
2,23,46,2893,0.005466727
2,24,48,2734,0.004785762
2,25,50,2881,0.002733733
2,26,52,2847,0.002970468
2,27,54,2702,0.003218800
2,28,56,2833,0.004934055
2,29,58,2718,0.004031552
2,30,60,3344,0.004455926
2,31,62,2733,0.003848569
2,32,64,2650,0.003689699
2,33,66,2763,0.006772090
2,34,68,2984,0.004849294
2,35,70,3099,0.003500998
2,36,72,2753,0.003715919
2,37,74,2798,0.004207816
2,38,76,2633,0.004351936
2,39,78,3147,0.003614571
2,40,80,2706,0.003869836
2,41,82,2905,0.003692207
2,42,84,2714,0.005368674
2,43,86,2780,0.004082356
2,44,88,2777,0.004673183
2,45,90,2738,0.003846269
2,46,92,2741,0.003979319
2,47,94,2800,0.005284990
2,48,96,2944,0.006071092
2,49,98,2699,0.004154526
2,50,100,2972,0.004617521
3,1,03,2790,0.004143520
3,2,06,3028,0.004335050
3,3,09,2889,0.003839528
3,4,12,2863,0.002974438
3,5,15,2793,0.003356000
3,6,18,2918,0.003786796
3,7,21,2753,0.004671573
3,8,24,2801,0.005100961
3,9,27,2744,0.005844017
3,10,30,2756,0.005802522
3,11,33,3622,0.004278175
3,12,36,2702,0.005174123
3,13,39,2878,0.003737578
3,14,42,2979,0.004185437
3,15,45,3798,0.004819786
3,16,48,2851,0.004169024
3,17,51,3039,0.004310359
3,18,54,2944,0.003872393
3,19,57,3122,0.003384396
3,20,60,2943,0.003827947
3,21,63,3432,0.003366483
3,22,66,3506,0.004177671
3,23,69,3050,0.003113775
3,24,72,3680,0.003846285
3,25,75,2845,0.002897486
3,26,78,3103,0.003382949
3,27,81,2997,0.003597350
3,28,84,3095,0.003141443
3,29,87,2988,0.002718232
3,30,90,2893,0.003152546
3,31,93,2946,0.002675479
3,32,96,2915,0.003231697
3,33,99,2659,0.003544245
3,34,102,2870,0.002965219
3,35,105,2876,0.002853383
3,36,108,3076,0.004394047
3,37,111,3604,0.003612281
3,38,114,2906,0.003104594
3,39,117,3129,0.003309738
3,40,120,2709,0.003156448
3,41,123,3295,0.003513579
3,42,126,3394,0.003752283
3,43,129,2745,0.002998482
3,44,132,2693,0.003052130
3,45,135,2876,0.003788108
3,46,138,3451,0.003865004
3,47,141,2934,0.003069151
3,48,144,2699,0.002435844
3,49,147,2955,0.002909875
3,50,150,3433,0.003047952
4,1,04,3219,0.003598998
4,2,08,2931,0.002739677
4,3,12,2854,0.003422492
4,4,16,2832,0.002907702
4,5,20,3096,0.003593026
4,6,24,3762,0.004690548
4,7,28,2837,0.002636104
4,8,32,3551,0.003645285
4,9,36,2999,0.003504388
4,10,40,3113,0.003053255
4,11,44,2759,0.003279195
4,12,48,3273,0.004115085
4,13,52,2827,0.003111476
4,14,56,3145,0.003057627
4,15,60,2871,0.003570846
4,16,64,2753,0.002796314
4,17,68,2721,0.003731686
4,18,72,3275,0.002941732
4,19,76,2930,0.002789117
4,20,80,2687,0.003341389
4,21,84,3272,0.003234910
4,22,88,2911,0.003421899
4,23,92,2885,0.004468765
4,24,96,2779,0.003907103
4,25,100,2790,0.004345146
4,26,104,2910,0.002435478
4,27,108,2928,0.005032232
4,28,112,2644,0.004973925
4,29,116,2886,0.004264277
4,30,120,2845,0.004373768
4,31,124,2879,0.004414868
4,32,128,2868,0.005647288
4,33,132,2712,0.004648551
4,34,136,2870,0.004618482
4,35,140,2653,0.004485573
4,36,144,2852,0.003744848
4,37,148,2642,0.003576095
4,38,152,3116,0.005725627
4,39,156,2754,0.004744492
4,40,160,2745,0.005300506
4,41,164,2700,0.004575681
4,42,168,3213,0.004842838
4,43,172,3483,0.005099721
4,44,176,2800,0.005557556
4,45,180,2835,0.003325839
4,46,184,2679,0.003714058
4,47,188,3044,0.003299949
4,48,192,3227,0.005808230
4,49,196,2722,0.005362894
4,50,200,2706,0.004199863
5,1,05,2704,0.004053157
5,2,10,2774,0.003095969
5,3,15,2630,0.003374019
5,4,20,2667,0.005623120
5,5,25,2759,0.005506756
5,6,30,2769,0.005001912
5,7,35,2745,0.005480874
5,8,40,2779,0.004981110
5,9,45,2726,0.005035616
5,10,50,2613,0.003498549
5,11,55,2682,0.002927604
5,12,60,2851,0.003906675
5,13,65,2811,0.003497993
5,14,70,2771,0.005340273
5,15,75,2719,0.003120012
5,16,80,2737,0.003711038
5,17,85,2739,0.003351489
5,18,90,2780,0.003351899
5,19,95,2729,0.004202146
5,20,100,2769,0.005004946
5,21,105,2748,0.005579799
5,22,110,2822,0.005336601
5,23,115,2909,0.004834404
5,24,120,2741,0.005401421
5,25,125,2747,0.005330603
5,26,130,3242,0.005293765
5,27,135,2893,0.003577868
5,28,140,3040,0.004853182
5,29,145,2754,0.004093991
5,30,150,2715,0.003150417
5,31,155,2813,0.003372600
5,32,160,2779,0.003103073
5,33,165,2624,0.003322417
5,34,170,4534,0.003234969
5,35,175,2702,0.002779604
5,36,180,4327,0.003441006
5,37,185,2776,0.002800989
5,38,190,2655,0.003129862
5,39,195,2788,0.003013012
5,40,200,2890,0.003936326
5,41,205,2756,0.002930398
5,42,210,2813,0.003696101
5,43,215,2720,0.004633198
5,44,220,2758,0.004410371
5,45,225,3028,0.003930899
5,46,230,2797,0.004404872
5,47,235,2683,0.004263742
5,48,240,2797,0.006807886
5,49,245,2824,0.006720849
5,50,250,2842,0.006608848
6,1,06,2782,0.005288795
6,2,12,2721,0.005906095
6,3,18,2766,0.006874186
6,4,24,3137,0.005058195
6,5,30,2795,0.005227218
6,6,36,3124,0.005676164
6,7,42,2821,0.005252051
6,8,48,4465,0.006769713
6,9,54,2726,0.005470664
6,10,60,2779,0.005632484
6,11,66,2818,0.006651235
6,12,72,2908,0.006117940
6,13,78,3095,0.007079516
6,14,84,2916,0.004696093
6,15,90,2628,0.004560170
6,16,96,2664,0.005042207
6,17,102,2774,0.004861268
6,18,108,2706,0.005959106
6,19,114,2797,0.003238180
6,20,120,2658,0.002957218
6,21,126,2699,0.003907010
6,22,132,2617,0.003778564
6,23,138,2741,0.003231560
6,24,144,2940,0.003965713
6,25,150,2812,0.003894581
6,26,156,3069,0.004481635
6,27,162,2775,0.003751455
6,28,168,2679,0.004343007
6,29,174,2794,0.005386458
6,30,180,2761,0.004330225
6,31,186,2735,0.003737490
6,32,192,2712,0.003486204
6,33,198,2826,0.003743485
6,34,204,2698,0.004710252
6,35,210,2743,0.002944394
6,36,216,2774,0.003564727
6,37,222,2728,0.002516857
6,38,228,2751,0.005357376
6,39,234,3419,0.004154244
6,40,240,3003,0.003532195
6,41,246,2793,0.003921852
6,42,252,2857,0.004443241
6,43,258,2766,0.004046933
6,44,264,3108,0.003450874
6,45,270,2752,0.002864452
6,46,276,2681,0.003858040
6,47,282,2744,0.004224340
6,48,288,3163,0.003669419
6,49,294,2722,0.004412592
6,50,300,2829,0.005794105
7,1,07,3471,0.004045025
7,2,14,2836,0.005313832
7,3,21,2719,0.005177252
7,4,28,2733,0.005851608
7,5,35,2742,0.005507801
7,6,42,2748,0.005304270
7,7,49,2959,0.004989176
7,8,56,2796,0.004949255
7,9,63,2849,0.005379071
7,10,70,2725,0.004016442
7,11,77,2752,0.004113429
7,12,84,2959,0.005491700
7,13,91,2846,0.004468839
7,14,98,2836,0.003554370
7,15,105,2780,0.003595845
7,16,112,2904,0.004016379
7,17,119,2863,0.004695315
7,18,126,2745,0.006168505
7,19,133,2769,0.005898323
7,20,140,2695,0.004427090
7,21,147,2953,0.003794340
7,22,154,2867,0.003433162
7,23,161,2912,0.004790695
7,24,168,4276,0.005723893
7,25,175,2828,0.005820076
7,26,182,2668,0.006385138
7,27,189,2754,0.007120955
7,28,196,3842,0.007512951
7,29,203,2780,0.004310257
7,30,210,2869,0.004610314
7,31,217,2850,0.005992800
7,32,224,2726,0.005067257
7,33,231,2806,0.005650594
7,34,238,2898,0.005799781
7,35,245,3261,0.005575723
7,36,252,2886,0.005829135
7,37,259,2713,0.003859385
7,38,266,2763,0.003413688
7,39,273,2766,0.006687842
7,40,280,2752,0.003736576
7,41,287,2716,0.004919747
7,42,294,2795,0.004537542
7,43,301,2861,0.004035085
7,44,308,2687,0.004463673
7,45,315,2666,0.005729083
7,46,322,2805,0.004615274
7,47,329,2868,0.003857231
7,48,336,3013,0.004334647
7,49,343,2789,0.004524186
7,50,350,2870,0.005799196
8,1,08,2693,0.004242664
8,2,16,2926,0.005748743
8,3,24,2711,0.004799305
8,4,32,2911,0.004455806
8,5,40,3060,0.004930532
8,6,48,2731,0.004998212
8,7,56,2687,0.004749653
8,8,64,2962,0.003908320
8,9,72,3920,0.005551531
8,10,80,2754,0.006063114
8,11,88,2758,0.003403735
8,12,96,2864,0.003836280
8,13,104,3203,0.004414012
8,14,112,2824,0.004494394
8,15,120,2777,0.002971970
8,16,128,2839,0.003969148
8,17,136,2886,0.004412649
8,18,144,3408,0.003443944
8,19,152,2968,0.004414297
8,20,160,2777,0.004606707
8,21,168,2737,0.005092576
8,22,176,2782,0.003826296
8,23,184,2825,0.003796991
8,24,192,2709,0.004717586
8,25,200,2887,0.005005699
8,26,208,2807,0.004649321
8,27,216,2853,0.005328086
8,28,224,2698,0.003991914
8,29,232,3159,0.005049740
8,30,240,2753,0.004659793
8,31,248,3073,0.005672335
8,32,256,2782,0.004991762
8,33,264,2761,0.005016803
8,34,272,2817,0.005224323
8,35,280,2674,0.004233834
8,36,288,2727,0.004601080
8,37,296,2741,0.003565741
8,38,304,2742,0.004483979
8,39,312,2774,0.006152044
8,40,320,2747,0.004486589
8,41,328,2792,0.004511264
8,42,336,2738,0.005452468
8,43,344,2775,0.004310558
8,44,352,2683,0.004220290
8,45,360,2658,0.003992661
8,46,368,2704,0.002899531
8,47,376,2707,0.004467312
8,48,384,2732,0.006313097
8,49,392,2854,0.004157409
8,50,400,2759,0.005404648
9,1,09,2667,0.004149544
9,2,18,2825,0.004379364
9,3,27,2728,0.004050214
9,4,36,2750,0.004522354
9,5,45,2837,0.005104041
9,6,54,2766,0.003680388
9,7,63,2767,0.004421376
9,8,72,2776,0.005499643
9,9,81,2706,0.004445120
9,10,90,2767,0.003876134
9,11,99,2902,0.003644230
9,12,108,2925,0.004918734
9,13,117,2774,0.004352215
9,14,126,2611,0.003909432
9,15,135,2720,0.006714391
9,16,144,2767,0.004716013
9,17,153,2922,0.005936593
9,18,162,2860,0.005444034
9,19,171,2901,0.004741576
9,20,180,2711,0.005419042
9,21,189,2641,0.003503101
9,22,198,2924,0.004228430
9,23,207,2751,0.003981626
9,24,216,2804,0.004952680
9,25,225,2726,0.003812698
9,26,234,2738,0.004521374
9,27,243,2743,0.006199793
9,28,252,2681,0.004636963
9,29,261,2689,0.004766738
9,30,270,2656,0.003423792
9,31,279,2722,0.003979465
9,32,288,2706,0.004198639
9,33,297,2776,0.005867686
9,34,306,2716,0.003935732
9,35,315,2765,0.004258704
9,36,324,2784,0.004295092
9,37,333,2717,0.005090205
9,38,342,2685,0.005266485
9,39,351,3385,0.004000568
9,40,360,2715,0.003662216
9,41,369,2655,0.004056864
9,42,378,2728,0.004732691
9,43,387,3330,0.005339950
9,44,396,2772,0.003283937
9,45,405,2780,0.005327013
9,46,414,2835,0.005152854
9,47,423,3253,0.005213375
9,48,432,2788,0.004538805
9,49,441,2742,0.005480569
9,50,450,2771,0.005465136
10,1,10,2778,0.003361978
10,2,20,2835,0.004106532
10,3,30,2668,0.005406451
10,4,40,2709,0.005573775
10,5,50,2713,0.006223833
10,6,60,2703,0.005037346
10,7,70,2765,0.003147737
10,8,80,2872,0.007575434
10,9,90,2827,0.006122383
10,10,100,2701,0.005278616
10,11,110,3054,0.004172325
10,12,120,2868,0.004640194
10,13,130,3494,0.004603996
10,14,140,2837,0.005418952
10,15,150,2852,0.003769301
10,16,160,2791,0.004851983
10,17,170,3815,0.005384857
10,18,180,2846,0.004019785
10,19,190,2707,0.005496673
10,20,200,2830,0.005298802
10,21,210,2734,0.003525154
10,22,220,2777,0.004457233
10,23,230,2910,0.004149844
10,24,240,3145,0.004176625
10,25,250,2807,0.005136572
10,26,260,2847,0.004358505
10,27,270,2708,0.004916795
10,28,280,2894,0.003643494
10,29,290,2731,0.003590786
10,30,300,2725,0.003144793
10,31,310,2713,0.003710694
10,32,320,2661,0.004932244
10,33,330,2715,0.004215614
10,34,340,2700,0.004046869
10,35,350,2791,0.004702879
10,36,360,2760,0.005097781
10,37,370,2881,0.005113873
10,38,380,2719,0.003068450
10,39,390,2804,0.004069632
10,40,400,2803,0.004930650
10,41,410,2765,0.003663308
10,42,420,2753,0.005143944
10,43,430,2844,0.006559669
10,44,440,2838,0.004524451
10,45,450,2776,0.003821170
10,46,460,2810,0.004986673
10,47,470,2658,0.004417860
10,48,480,2802,0.003993619
10,49,490,2719,0.003072765
10,50,500,2652,0.006080334
11,1,11,2852,0.004737627
11,2,22,2863,0.004578046
11,3,33,2755,0.005863855
11,4,44,2830,0.006784828
11,5,55,2863,0.003323285
11,6,66,2732,0.006197183
11,7,77,3507,0.006276576
11,8,88,3771,0.006114095
11,9,99,3149,0.005149948
11,10,110,2768,0.004292834
11,11,121,2856,0.003521536
11,12,132,2793,0.003566578
11,13,143,2755,0.003536762
11,14,154,3420,0.003954676
11,15,165,2725,0.004181267
11,16,176,3568,0.003805865
11,17,187,2695,0.002750233
11,18,198,2684,0.003338069
11,19,209,2715,0.002443588
11,20,220,2866,0.005058058
11,21,231,2701,0.005237562
11,22,242,2717,0.004920502
11,23,253,2761,0.005393321
11,24,264,2736,0.004474896
11,25,275,2746,0.004330284
11,26,286,2628,0.004948517
11,27,297,2734,0.003475103
11,28,308,2772,0.004874451
11,29,319,2705,0.004953791
11,30,330,2738,0.004535517
11,31,341,2652,0.005487022
11,32,352,2743,0.004998472
11,33,363,2680,0.005631106
11,34,374,2731,0.004188441
11,35,385,2697,0.003840041
11,36,396,2701,0.004679528
11,37,407,3400,0.004204552
11,38,418,3530,0.006192262
11,39,429,2925,0.005154778
11,40,440,2693,0.006048349
11,41,451,2750,0.006913759
11,42,462,2723,0.004046188
11,43,473,2740,0.005750516
11,44,484,2672,0.004011453
11,45,495,2807,0.003988606
11,46,506,2675,0.004876992
11,47,517,2816,0.004027117
11,48,528,2703,0.004382016
11,49,539,2786,0.004325727
11,50,550,2870,0.003092478
12,1,12,2896,0.006771418
12,2,24,2794,0.004754627
12,3,36,2873,0.005658421
12,4,48,3064,0.005084097
12,5,60,3222,0.005443499
12,6,72,2800,0.005126037
12,7,84,2781,0.005504153
12,8,96,2794,0.005624873
12,9,108,2692,0.003630951
12,10,120,2704,0.005049253
12,11,132,2776,0.003395766
12,12,144,2782,0.004187036
12,13,156,2766,0.003725721
12,14,168,3419,0.005534109
12,15,180,2733,0.005855524
12,16,192,2789,0.005309371
12,17,204,2840,0.005062942
12,18,216,2774,0.007039675
12,19,228,2741,0.003527935
12,20,240,2637,0.003635639
12,21,252,2686,0.004040711
12,22,264,2796,0.005478134
12,23,276,2849,0.006106662
12,24,288,2805,0.004869741
12,25,300,2831,0.003185613
12,26,312,2800,0.003663695
12,27,324,2829,0.005045905
12,28,336,2788,0.004054063
12,29,348,2896,0.004574133
12,30,360,2719,0.006518513
12,31,372,2837,0.006458496
12,32,384,2735,0.004896983
12,33,396,2730,0.004582450
12,34,408,2741,0.003445432
12,35,420,2799,0.003609083
12,36,432,2743,0.003043664
12,37,444,2846,0.006083579
12,38,456,2818,0.004298405
12,39,468,2759,0.003473308
12,40,480,2914,0.004157112
12,41,492,2735,0.005593670
12,42,504,2754,0.004999637
12,43,516,2762,0.003797608
12,44,528,2871,0.002965224
12,45,540,2798,0.005197750
12,46,552,2724,0.003820107
12,47,564,2810,0.003852574
12,48,576,2766,0.004370857
12,49,588,2670,0.004242021
12,50,600,2734,0.004223099
13,1,13,2716,0.003247096
13,2,26,2753,0.004249789
13,3,39,2737,0.004578349
13,4,52,2681,0.005665403
13,5,65,2839,0.004165766
13,6,78,2828,0.003531967
13,7,91,2985,0.006291666
13,8,104,2789,0.003537736
13,9,117,2811,0.005016241
13,10,130,3548,0.003462134
13,11,143,2728,0.005423461
13,12,156,2762,0.004124238
13,13,169,3451,0.004661866
13,14,182,2718,0.004943389
13,15,195,2764,0.003226086
13,16,208,2931,0.003937529
13,17,221,2808,0.003909203
13,18,234,2661,0.004405270
13,19,247,2765,0.004890378
13,20,260,2755,0.003784025
13,21,273,3499,0.005297032
13,22,286,3480,0.004788467
13,23,299,2863,0.003190379
13,24,312,2960,0.006766374
13,25,325,2707,0.005927614
13,26,338,2779,0.006193542
13,27,351,2688,0.003953149
13,28,364,2696,0.003122507
13,29,377,2885,0.004474182
13,30,390,2681,0.004132537
13,31,403,2677,0.003379946
13,32,416,2806,0.003829828
13,33,429,2686,0.004354742
13,34,442,2645,0.004219929
13,35,455,3180,0.004415502
13,36,468,2717,0.004048273
13,37,481,2732,0.004892026
13,38,494,2969,0.004329500
13,39,507,2889,0.004110303
13,40,520,2853,0.004378257
13,41,533,2703,0.006101219
13,42,546,2796,0.004542083
13,43,559,2660,0.005029220
13,44,572,2698,0.004356808
13,45,585,2753,0.004338881
13,46,598,2761,0.005869506
13,47,611,2775,0.006055833
13,48,624,2766,0.003550332
13,49,637,2773,0.004250883
13,50,650,2811,0.003680554
14,1,14,2897,0.003252423
14,2,28,2964,0.005065551
14,3,42,2974,0.004683679
14,4,56,2733,0.004352076
14,5,70,2950,0.006358092
14,6,84,2867,0.005146042
14,7,98,2744,0.004606109
14,8,112,2724,0.004636500
14,9,126,3407,0.003274581
14,10,140,2660,0.003470019
14,11,154,2775,0.004254928
14,12,168,2847,0.005439680
14,13,182,2886,0.003578004
14,14,196,2742,0.005355171
14,15,210,2794,0.004273994
14,16,224,2740,0.003892494
14,17,238,2690,0.003833147
14,18,252,2820,0.003164545
14,19,266,2686,0.003396481
14,20,280,2830,0.003453286
14,21,294,2813,0.004225872
14,22,308,2634,0.004871670
14,23,322,2635,0.004484754
14,24,336,2815,0.004469204
14,25,350,3329,0.004427806
14,26,364,2691,0.004710772
14,27,378,2687,0.004542034
14,28,392,2931,0.004590231
14,29,406,2938,0.004180386
14,30,420,2751,0.003983657
14,31,434,2877,0.003337426
14,32,448,2865,0.004790427
14,33,462,2839,0.004379385
14,34,476,2672,0.002920473
14,35,490,2779,0.003751346
14,36,504,2843,0.004180429
14,37,518,2930,0.004502916
14,38,532,2766,0.003035359
14,39,546,2819,0.004720423
14,40,560,2879,0.003810434
14,41,574,3021,0.004255044
14,42,588,2780,0.004436778
14,43,602,2753,0.004571574
14,44,616,2909,0.002964500
14,45,630,2696,0.005674820
14,46,644,2705,0.004697852
14,47,658,2919,0.004680027
14,48,672,3468,0.005330963
14,49,686,2790,0.004848366
14,50,700,2933,0.005293238
15,1,15,2790,0.004734246
15,2,30,2798,0.004924554
15,3,45,2852,0.004977301
15,4,60,2703,0.003477345
15,5,75,2760,0.003911347
15,6,90,2733,0.004625576
15,7,105,2806,0.005770788
15,8,120,2770,0.004611591
15,9,135,2664,0.003015484
15,10,150,2782,0.003361996
15,11,165,2776,0.003834870
15,12,180,2802,0.003992267
15,13,195,2787,0.005205794
15,14,210,2796,0.003725302
15,15,225,2705,0.004636521
15,16,240,2699,0.006482652
15,17,255,2650,0.005226470
15,18,270,2721,0.004084110
15,19,285,2675,0.003759863
15,20,300,3454,0.003714279
15,21,315,3477,0.004572323
15,22,330,2817,0.005762892
15,23,345,2818,0.005932781
15,24,360,2753,0.004421099
15,25,375,2819,0.006229508
15,26,390,2817,0.004320309
15,27,405,2701,0.005355052
15,28,420,2734,0.004288098
15,29,435,2704,0.004964329
15,30,450,2888,0.005211728
15,31,465,3553,0.004796529
15,32,480,2950,0.005609648
15,33,495,2778,0.005073278
15,34,510,2726,0.005092137
15,35,525,2744,0.003656317
15,36,540,2810,0.005726139
15,37,555,2792,0.003523102
15,38,570,2792,0.005006083
15,39,585,2743,0.004272384
15,40,600,2825,0.004798645
15,41,615,2678,0.003827583
15,42,630,2762,0.003830393
15,43,645,2698,0.004311003
15,44,660,2880,0.005657701
15,45,675,3025,0.005891626
15,46,690,2716,0.002972418
15,47,705,2863,0.005445067
15,48,720,2798,0.005044785
15,49,735,2911,0.005220087
15,50,750,2712,0.004586688
16,1,16,2752,0.003902398
16,2,32,2742,0.005657249
16,3,48,2738,0.004779710
16,4,64,2682,0.004877127
16,5,80,2757,0.003715139
16,6,96,2719,0.004375781
16,7,112,2783,0.005267538
16,8,128,2800,0.006301946
16,9,144,2852,0.006135772
16,10,160,2867,0.003660657
16,11,176,2632,0.005064211
16,12,192,2794,0.004380991
16,13,208,3081,0.005087265
16,14,224,2768,0.003490655
16,15,240,2702,0.003800752
16,16,256,2714,0.005246570
16,17,272,2779,0.004097619
16,18,288,2957,0.006085159
16,19,304,2695,0.003839377
16,20,320,2856,0.004973509
16,21,336,2825,0.003733243
16,22,352,2622,0.003767115
16,23,368,2784,0.003783771
16,24,384,2745,0.003639578
16,25,400,2887,0.006154211
16,26,416,2635,0.003644616
16,27,432,2893,0.004713522
16,28,448,2746,0.004217184
16,29,464,2744,0.006132021
16,30,480,2989,0.004729692
16,31,496,2813,0.003738658
16,32,512,2706,0.004073148
16,33,528,2705,0.004616629
16,34,544,2833,0.003636501
16,35,560,2783,0.003480977
16,36,576,3098,0.005230470
16,37,592,2686,0.005723899
16,38,608,2747,0.003782013
16,39,624,2595,0.003674365
16,40,640,2818,0.004148947
16,41,656,2737,0.003698865
16,42,672,2753,0.003675703
16,43,688,2768,0.005779168
16,44,704,2735,0.004537385
16,45,720,2930,0.004359973
16,46,736,2740,0.005367224
16,47,752,2817,0.004469656
16,48,768,2827,0.006035654
16,49,784,2741,0.005816674
16,50,800,2733,0.004362883
17,1,17,2869,0.004011050
17,2,34,2757,0.003711959
17,3,51,2678,0.003641083
17,4,68,3373,0.004593067
17,5,85,3600,0.004683135
17,6,102,2742,0.005597823
17,7,119,3465,0.004355693
17,8,136,2707,0.003789027
17,9,153,2794,0.003651441
17,10,170,2777,0.004836142
17,11,187,2738,0.003323809
17,12,204,2762,0.004574056
17,13,221,3317,0.004469895
17,14,238,2707,0.003060519
17,15,255,3273,0.003956611
17,16,272,2821,0.005275374
17,17,289,2856,0.004772070
17,18,306,2741,0.005491873
17,19,323,2761,0.004724760
17,20,340,2710,0.004648428
17,21,357,2686,0.005010958
17,22,374,2970,0.004616520
17,23,391,2694,0.005238619
17,24,408,2807,0.005438423
17,25,425,2761,0.005030141
17,26,442,2726,0.004146635
17,27,459,2860,0.004259934
17,28,476,2978,0.006005757
17,29,493,3160,0.004298876
17,30,510,2639,0.003347984
17,31,527,2823,0.004490474
17,32,544,2810,0.004409740
17,33,561,2752,0.005663117
17,34,578,2753,0.003999358
17,35,595,2649,0.004340004
17,36,612,2811,0.003188214
17,37,629,2803,0.007249434
17,38,646,2893,0.005796661
17,39,663,2774,0.004973656
17,40,680,3443,0.004214353
17,41,697,2696,0.005824275
17,42,714,2924,0.004648840
17,43,731,2645,0.005912842
17,44,748,2837,0.005901932
17,45,765,2889,0.004488747
17,46,782,2812,0.005702007
17,47,799,2767,0.004269333
17,48,816,2680,0.004511138
17,49,833,3326,0.006851611
17,50,850,2703,0.003981279
18,1,18,2818,0.004290658
18,2,36,2850,0.005488178
18,3,54,2828,0.005557826
18,4,72,2780,0.005328873
18,5,90,2845,0.005544886
18,6,108,3083,0.004841995
18,7,126,2974,0.004893657
18,8,144,2829,0.005931457
18,9,162,2853,0.004163842
18,10,180,2704,0.004407060
18,11,198,2955,0.003658978
18,12,216,2812,0.005907454
18,13,234,2661,0.005670961
18,14,252,2755,0.005247248
18,15,270,3538,0.006243921
18,16,288,2765,0.004569530
18,17,306,2850,0.004214226
18,18,324,2823,0.006389230
18,19,342,2710,0.005125432
18,20,360,2727,0.003606649
18,21,378,2697,0.003269179
18,22,396,2753,0.006159138
18,23,414,2676,0.005042329
18,24,432,3257,0.003511312
18,25,450,2699,0.004381233
18,26,468,2686,0.005743760
18,27,486,2812,0.002552719
18,28,504,3161,0.004279985
18,29,522,2753,0.004407109
18,30,540,2679,0.005342758
18,31,558,2951,0.005393870
18,32,576,2808,0.004568798
18,33,594,2797,0.003608896
18,34,612,2800,0.005745337
18,35,630,2689,0.004870019
18,36,648,3001,0.004620025
18,37,666,2783,0.003458060
18,38,684,2815,0.005070347
18,39,702,3424,0.004392318
18,40,720,2803,0.004605313
18,41,738,2746,0.003684380
18,42,756,2810,0.003180863
18,43,774,2744,0.003994383
18,44,792,2789,0.003128590
18,45,810,2761,0.003579670
18,46,828,2910,0.004572204
18,47,846,2868,0.003721272
18,48,864,2796,0.004586228
18,49,882,2897,0.006488401
18,50,900,2898,0.004419645
19,1,19,2719,0.003543877
19,2,38,2760,0.003732053
19,3,57,2827,0.006142288
19,4,76,2913,0.005922028
19,5,95,3493,0.004629726
19,6,114,2873,0.006060501
19,7,133,3199,0.006088876
19,8,152,3765,0.004518294
19,9,171,3695,0.003897166
19,10,190,2724,0.004687789
19,11,209,2739,0.005653194
19,12,228,2674,0.004541524
19,13,247,2752,0.003997329
19,14,266,2821,0.005065858
19,15,285,2926,0.005590841
19,16,304,2719,0.004124584
19,17,323,2760,0.003576863
19,18,342,3070,0.006065229
19,19,361,2725,0.005449543
19,20,380,3506,0.004429977
19,21,399,2787,0.004311890
19,22,418,2851,0.002925582
19,23,437,2830,0.004346391
19,24,456,3625,0.005284256
19,25,475,2790,0.005618174
19,26,494,2731,0.005620440
19,27,513,2809,0.005201372
19,28,532,2717,0.002663756
19,29,551,3198,0.005536128
19,30,570,2739,0.006944326
19,31,589,2771,0.003155376
19,32,608,2716,0.003074414
19,33,627,2834,0.003209666
19,34,646,2932,0.004167788
19,35,665,2788,0.004388295
19,36,684,2754,0.004866267
19,37,703,2693,0.005750735
19,38,722,2819,0.004773464
19,39,741,2680,0.006013783
19,40,760,2716,0.003357331
19,41,779,2836,0.003756762
19,42,798,3554,0.004857809
19,43,817,2710,0.003891188
19,44,836,2819,0.003004041
19,45,855,2725,0.003257882
19,46,874,3186,0.004454938
19,47,893,3070,0.006514115
19,48,912,2765,0.002763488
19,49,931,3043,0.004626869
19,50,950,2709,0.003052466
20,1,20,2762,0.003076125
20,2,40,2736,0.004094974
20,3,60,3113,0.005021984
20,4,80,2840,0.005870876
20,5,100,2716,0.005933223
20,6,120,2756,0.006005292
20,7,140,2676,0.006018142
20,8,160,2679,0.004109816
20,9,180,2839,0.004010033
20,10,200,2715,0.004358724
20,11,220,2716,0.003767022
20,12,240,2642,0.005604907
20,13,260,2748,0.003833862
20,14,280,2667,0.003602948
20,15,300,2804,0.004177258
20,16,320,2639,0.004256609
20,17,340,2726,0.004081990
20,18,360,2743,0.003831707
20,19,380,2867,0.003894444
20,20,400,2732,0.003606957
20,21,420,2707,0.005448738
20,22,440,2808,0.003999737
20,23,460,2958,0.003997154
20,24,480,3013,0.005780994
20,25,500,2716,0.004342944
20,26,520,3193,0.004342604
20,27,540,2636,0.004023001
20,28,560,2791,0.004138663
20,29,580,2771,0.003401271
20,30,600,2858,0.004205089
20,31,620,2896,0.003522094
20,32,640,3560,0.006098328
20,33,660,2683,0.002943092
20,34,680,2817,0.005605630
20,35,700,2752,0.003425541
20,36,720,2687,0.006140115
20,37,740,2714,0.006925565
20,38,760,2824,0.004664103
20,39,780,2746,0.004771266
20,40,800,2984,0.005116411
20,41,820,2686,0.004617142
20,42,840,2787,0.004366873
20,43,860,2788,0.005411001
20,44,880,2740,0.006777615
20,45,900,2703,0.003442243
20,46,920,2688,0.004850494
20,47,940,2719,0.004238305
20,48,960,3112,0.007180035
20,49,980,2800,0.005670685
20,50,1000,2721,0.007184436
21,1,21,2684,0.004193352
21,2,42,2908,0.005910119
21,3,63,2859,0.004402410
21,4,84,2634,0.005015251
21,5,105,2875,0.003725046
21,6,126,2745,0.004873120
21,7,147,2684,0.004571151
21,8,168,2704,0.003677163
21,9,189,2770,0.005084245
21,10,210,3193,0.005908142
21,11,231,2794,0.005557520
21,12,252,2817,0.006822698
21,13,273,2715,0.003559505
21,14,294,2752,0.003906690
21,15,315,2710,0.003930238
21,16,336,2711,0.004319896
21,17,357,2866,0.004733245
21,18,378,2929,0.003429716
21,19,399,2781,0.004951100
21,20,420,2688,0.005946419
21,21,441,2679,0.005138469
21,22,462,2818,0.007354896
21,23,483,2764,0.004659697
21,24,504,2709,0.003258164
21,25,525,2708,0.005939778
21,26,546,2828,0.003968395
21,27,567,3517,0.005763656
21,28,588,2712,0.004015914
21,29,609,2766,0.003856689
21,30,630,2858,0.003600736
21,31,651,2672,0.004352169
21,32,672,2765,0.003937675
21,33,693,2675,0.004508843
21,34,714,2634,0.004559822
21,35,735,2857,0.004980684
21,36,756,2759,0.003491668
21,37,777,2778,0.004884181
21,38,798,2771,0.004801370
21,39,819,2691,0.005149463
21,40,840,2834,0.004247727
21,41,861,2771,0.003016444
21,42,882,2796,0.006061167
21,43,903,2705,0.005636590
21,44,924,2769,0.005099656
21,45,945,2826,0.004444937
21,46,966,2855,0.004494617
21,47,987,2871,0.004858885
21,48,1008,2633,0.005553638
21,49,1029,3164,0.005348040
21,50,1050,2715,0.006230094
22,1,22,3039,0.004593575
22,2,44,2755,0.003195365
22,3,66,2806,0.004255427
22,4,88,2813,0.005249230
22,5,110,2714,0.002938872
22,6,132,3753,0.005380092
22,7,154,2934,0.006160559
22,8,176,2664,0.005653677
22,9,198,2747,0.005421234
22,10,220,2929,0.004873095
22,11,242,2691,0.006454428
22,12,264,2748,0.003771410
22,13,286,2703,0.003501010
22,14,308,2778,0.004443420
22,15,330,2753,0.005692543
22,16,352,2715,0.006008561
22,17,374,2839,0.004684728
22,18,396,2716,0.004432495
22,19,418,3068,0.003822010
22,20,440,2751,0.003421242
22,21,462,2767,0.004529430
22,22,484,2728,0.004163422
22,23,506,2750,0.004099577
22,24,528,2767,0.003397750
22,25,550,2826,0.005538869
22,26,572,2869,0.005277486
22,27,594,2730,0.005119608
22,28,616,2740,0.004480612
22,29,638,2778,0.004252360
22,30,660,2730,0.003462842
22,31,682,2736,0.004686560
22,32,704,2762,0.004729103
22,33,726,2795,0.004642284
22,34,748,3366,0.003992520
22,35,770,3448,0.005351198
22,36,792,2996,0.006393738
22,37,814,2737,0.005583689
22,38,836,2791,0.004263698
22,39,858,2813,0.004516012
22,40,880,2764,0.003835061
22,41,902,2954,0.006472925
22,42,924,2766,0.005969686
22,43,946,3396,0.005686892
22,44,968,2772,0.007322358
22,45,990,2779,0.003695271
22,46,1012,2691,0.005062190
22,47,1034,2787,0.006485823
22,48,1056,2735,0.005216933
22,49,1078,2662,0.004438175
22,50,1100,2823,0.004460559
23,1,23,2716,0.004605556
23,2,46,2938,0.004372386
23,3,69,2819,0.004576220
23,4,92,2755,0.004136540
23,5,115,2659,0.004334232
23,6,138,2799,0.004165276
23,7,161,2920,0.004448569
23,8,184,2661,0.005682839
23,9,207,2724,0.005875326
23,10,230,2729,0.005047448
23,11,253,2839,0.004294391
23,12,276,2765,0.005216268
23,13,299,2668,0.005382857
23,14,322,2883,0.003437137
23,15,345,2783,0.003690977
23,16,368,2818,0.004924455
23,17,391,2626,0.004560005
23,18,414,2747,0.004202830
23,19,437,3423,0.005101740
23,20,460,2753,0.004491544
23,21,483,2787,0.004544170
23,22,506,2768,0.005265323
23,23,529,2889,0.006098779
23,24,552,2753,0.004108695
23,25,575,2809,0.004343187
23,26,598,3033,0.003549325
23,27,621,2926,0.004724344
23,28,644,2797,0.005921298
23,29,667,3108,0.004560224
23,30,690,3072,0.003660880
23,31,713,2764,0.003297088
23,32,736,2676,0.003265231
23,33,759,2937,0.005469496
23,34,782,2807,0.004953102
23,35,805,2788,0.003486996
23,36,828,2897,0.004286629
23,37,851,2787,0.004490315
23,38,874,2886,0.003765111
23,39,897,2672,0.003554556
23,40,920,2885,0.005014283
23,41,943,2792,0.003509526
23,42,966,2720,0.003971839
23,43,989,2708,0.003989149
23,44,1012,3515,0.004612029
23,45,1035,2672,0.004665786
23,46,1058,2999,0.004834936
23,47,1081,2749,0.004862537
23,48,1104,2906,0.004797983
23,49,1127,2708,0.005282748
23,50,1150,2720,0.004172855
24,1,24,2752,0.005295245
24,2,48,2830,0.004654339
24,3,72,3149,0.003877248
24,4,96,2633,0.004166169
24,5,120,3615,0.004032670
24,6,144,2658,0.005397406
24,7,168,3563,0.003625630
24,8,192,2872,0.002916899
24,9,216,2779,0.005009690
24,10,240,2687,0.005578214
24,11,264,2721,0.005431715
24,12,288,2828,0.004983757
24,13,312,2749,0.003910614
24,14,336,2769,0.002950896
24,15,360,2726,0.003875486
24,16,384,2739,0.004570860
24,17,408,2819,0.005491752
24,18,432,2803,0.005041846
24,19,456,2780,0.005295521
24,20,480,3525,0.003883996
24,21,504,2822,0.004352137
24,22,528,2763,0.003808437
24,23,552,2718,0.003300483
24,24,576,2801,0.004076590
24,25,600,2743,0.004218497
24,26,624,3095,0.006507347
24,27,648,2576,0.005469659
24,28,672,2919,0.005187254
24,29,696,2665,0.005360746
24,30,720,2870,0.006096687
24,31,744,2724,0.005202670
24,32,768,2680,0.004552573
24,33,792,2936,0.003534838
24,34,816,2747,0.005685103
24,35,840,2795,0.004753565
24,36,864,2751,0.003953977
24,37,888,2665,0.003249075
24,38,912,3414,0.004826399
24,39,936,2799,0.004396294
24,40,960,2694,0.004489232
24,41,984,2805,0.003579985
24,42,1008,2738,0.005353498
24,43,1032,2727,0.005285995
24,44,1056,3023,0.004646822
24,45,1080,2729,0.004271413
24,46,1104,2824,0.003880944
24,47,1128,2782,0.003863949
24,48,1152,2778,0.004854670
24,49,1176,2855,0.004003002
24,50,1200,2724,0.005712308
25,1,25,3801,0.003960961
25,2,50,2862,0.005352107
25,3,75,2665,0.004824087
25,4,100,2692,0.003395198
25,5,125,2787,0.003511126
25,6,150,2866,0.004236747
25,7,175,2786,0.003894121
25,8,200,2701,0.003812978
25,9,225,2639,0.003822720
25,10,250,2776,0.003870775
25,11,275,2752,0.005362629
25,12,300,3375,0.005165520
25,13,325,2681,0.003788195
25,14,350,2756,0.005345936
25,15,375,2687,0.004386893
25,16,400,2722,0.007579553
25,17,425,2755,0.004594523
25,18,450,2795,0.003734590
25,19,475,2969,0.004180124
25,20,500,2765,0.003402441
25,21,525,2797,0.004355496
25,22,550,2679,0.004483658
25,23,575,2719,0.005183779
25,24,600,2768,0.004210131
25,25,625,2683,0.004585449
25,26,650,3188,0.005689681
25,27,675,3199,0.004273730
25,28,700,2729,0.004244282
25,29,725,2730,0.003218097
25,30,750,2825,0.004701396
25,31,775,2837,0.005237153
25,32,800,2724,0.005035797
25,33,825,2747,0.004390822
25,34,850,2838,0.005189482
25,35,875,2765,0.005033333
25,36,900,2801,0.005978591
25,37,925,2777,0.004329642
25,38,950,3394,0.004048895
25,39,975,2779,0.003328280
25,40,1000,2765,0.004355152
25,41,1025,2839,0.003865771
25,42,1050,2691,0.004813954
25,43,1075,2816,0.004045234
25,44,1100,2636,0.003888469
25,45,1125,2889,0.004432921
25,46,1150,2679,0.003551609
25,47,1175,2769,0.003904496
25,48,1200,2724,0.004448797
25,49,1225,2698,0.004759701
25,50,1250,2746,0.004492934
26,1,26,3156,0.004452768
26,2,52,2724,0.004509726
26,3,78,2747,0.003570966
26,4,104,2745,0.004919649
26,5,130,2772,0.004367736
26,6,156,2707,0.006128866
26,7,182,2742,0.003179285
26,8,208,2742,0.003365728
26,9,234,2856,0.003864190
26,10,260,2975,0.004503631
26,11,286,2789,0.005071878
26,12,312,3072,0.004911134
26,13,338,2705,0.005558094
26,14,364,2701,0.004010127
26,15,390,3181,0.004385160
26,16,416,2805,0.003725961
26,17,442,2753,0.004325103
26,18,468,2716,0.004026576
26,19,494,2809,0.004911657
26,20,520,2892,0.004649521
26,21,546,2728,0.003922746
26,22,572,2791,0.004086852
26,23,598,2814,0.004889133
26,24,624,2752,0.003914797
26,25,650,2740,0.003790782
26,26,676,2920,0.005355257
26,27,702,2749,0.004018958
26,28,728,2643,0.003993800
26,29,754,2677,0.003761633
26,30,780,2790,0.004686653
26,31,806,2842,0.003645839
26,32,832,2803,0.004349019
26,33,858,2724,0.004569014
26,34,884,2745,0.003234730
26,35,910,2735,0.004781003
26,36,936,2985,0.004404957
26,37,962,2707,0.005699686
26,38,988,2781,0.006024185
26,39,1014,2765,0.004971191
26,40,1040,2711,0.004331570
26,41,1066,2683,0.003669572
26,42,1092,2687,0.004396316
26,43,1118,2632,0.004327624
26,44,1144,2787,0.004963510
26,45,1170,2848,0.004234465
26,46,1196,2770,0.006590942
26,47,1222,2747,0.003021395
26,48,1248,2705,0.004488327
26,49,1274,3418,0.004072874
26,50,1300,2906,0.005015676
27,1,27,2806,0.003213638
27,2,54,2730,0.003605437
27,3,81,2749,0.005276715
27,4,108,2812,0.004845041
27,5,135,2863,0.004064195
27,6,162,2712,0.005681136
27,7,189,2845,0.006210122
27,8,216,2709,0.004069419
27,9,243,2704,0.004265477
27,10,270,2680,0.004286814
27,11,297,2853,0.005040271
27,12,324,2728,0.004312553
27,13,351,2695,0.005603510
27,14,378,3132,0.004596162
27,15,405,2669,0.003823726
27,16,432,2887,0.004903282
27,17,459,3024,0.005009748
27,18,486,2856,0.004239796
27,19,513,2835,0.003857767
27,20,540,2697,0.005287926
27,21,567,2810,0.004967580
27,22,594,2992,0.004742782
27,23,621,2772,0.004366925
27,24,648,2778,0.004630878
27,25,675,2758,0.003620913
27,26,702,2726,0.004270832
27,27,729,2764,0.003840506
27,28,756,2714,0.003911623
27,29,783,2810,0.003612439
27,30,810,2836,0.006307241
27,31,837,3008,0.004967129
27,32,864,2731,0.005385012
27,33,891,2815,0.005574350
27,34,918,2698,0.002892147
27,35,945,2858,0.003333324
27,36,972,2702,0.006696765
27,37,999,2734,0.004287394
27,38,1026,2991,0.002839891
27,39,1053,2728,0.005878956
27,40,1080,2685,0.003778556
27,41,1107,2842,0.004540848
27,42,1134,2716,0.005458391
27,43,1161,2874,0.005373449
27,44,1188,2772,0.004531118
27,45,1215,2716,0.004196337
27,46,1242,2710,0.003964463
27,47,1269,2754,0.004357773
27,48,1296,2697,0.003415900
27,49,1323,2778,0.004471171
27,50,1350,2839,0.003777247
28,1,28,2819,0.005773189
28,2,56,3095,0.007145228
28,3,84,2740,0.005461169
28,4,112,2805,0.005632337
28,5,140,2868,0.004827872
28,6,168,2726,0.005833002
28,7,196,2817,0.004127429
28,8,224,2938,0.006001643
28,9,252,2672,0.004043227
28,10,280,2641,0.005556167
28,11,308,2837,0.005435511
28,12,336,2732,0.004552641
28,13,364,2777,0.004072491
28,14,392,2757,0.003325962
28,15,420,2714,0.004487988
28,16,448,2731,0.003262660
28,17,476,2933,0.005163246
28,18,504,2667,0.003780012
28,19,532,2727,0.003778461
28,20,560,2907,0.006133901
28,21,588,2775,0.004145232
28,22,616,2928,0.003900984
28,23,644,2720,0.006554126
28,24,672,3122,0.004317255
28,25,700,2685,0.006322371
28,26,728,2755,0.005915376
28,27,756,2770,0.005867101
28,28,784,2764,0.004633756
28,29,812,2748,0.005608519
28,30,840,2706,0.004190811
28,31,868,2739,0.005770479
28,32,896,2751,0.004369835
28,33,924,2648,0.003500509
28,34,952,2759,0.003733395
28,35,980,2812,0.004028519
28,36,1008,2711,0.004022708
28,37,1036,2771,0.003179823
28,38,1064,2659,0.005936676
28,39,1092,2792,0.005444725
28,40,1120,3159,0.004308714
28,41,1148,2819,0.006309549
28,42,1176,2703,0.004728599
28,43,1204,2775,0.003614110
28,44,1232,2736,0.003799448
28,45,1260,2746,0.004718286
28,46,1288,2838,0.003774794
28,47,1316,2710,0.003685493
28,48,1344,3107,0.005685556
28,49,1372,2909,0.004650229
28,50,1400,2689,0.006710217
29,1,29,2725,0.003139608
29,2,58,2707,0.003633333
29,3,87,2680,0.003694011
29,4,116,2712,0.004638426
29,5,145,2705,0.005657852
29,6,174,2906,0.005699518
29,7,203,2864,0.004136430
29,8,232,2730,0.003531467
29,9,261,2693,0.004912050
29,10,290,2731,0.004294069
29,11,319,2918,0.004036124
29,12,348,2663,0.003336159
29,13,377,2639,0.004676000
29,14,406,2789,0.006759969
29,15,435,2731,0.003785879
29,16,464,2685,0.003771808
29,17,493,2761,0.005501645
29,18,522,2774,0.003708333
29,19,551,2765,0.003277888
29,20,580,2783,0.004280821
29,21,609,2684,0.004491448
29,22,638,2699,0.005025487
29,23,667,2704,0.003464439
29,24,696,2877,0.003178988
29,25,725,2618,0.005106808
29,26,754,2742,0.005188938
29,27,783,3471,0.005275843
29,28,812,2872,0.004967732
29,29,841,2893,0.005188942
29,30,870,2740,0.004742229
29,31,899,2837,0.003985275
29,32,928,2831,0.004016046
29,33,957,2675,0.004941035
29,34,986,2721,0.003456126
29,35,1015,2867,0.005024732
29,36,1044,2902,0.004421076
29,37,1073,2688,0.003798118
29,38,1102,2688,0.004878793
29,39,1131,2925,0.003928832
29,40,1160,2670,0.003494229
29,41,1189,2757,0.004942054
29,42,1218,2677,0.003185579
29,43,1247,2696,0.004497133
29,44,1276,2856,0.003561110
29,45,1305,2696,0.004581440
29,46,1334,2824,0.004603396
29,47,1363,2814,0.005462327
29,48,1392,3475,0.005850399
29,49,1421,2837,0.005400712
29,50,1450,2960,0.003080600
30,1,30,2956,0.004854038
30,2,60,2750,0.005800165
30,3,90,2768,0.004064868
30,4,120,2855,0.006288233
30,5,150,2718,0.004060433
30,6,180,2773,0.006365409
30,7,210,2757,0.004073832
30,8,240,2732,0.003550046
30,9,270,3347,0.005113931
30,10,300,2767,0.003938715
30,11,330,2817,0.005774153
30,12,360,2737,0.005600594
30,13,390,2813,0.003900130
30,14,420,2722,0.004195590
30,15,450,2786,0.004601916
30,16,480,2741,0.006126508
30,17,510,2627,0.004160432
30,18,540,2828,0.003593532
30,19,570,2858,0.003439780
30,20,600,2809,0.004612505
30,21,630,2819,0.005090563
30,22,660,2729,0.005619958
30,23,690,2877,0.004818152
30,24,720,2820,0.005718206
30,25,750,2861,0.005800977
30,26,780,2744,0.004876048
30,27,810,2712,0.004512318
30,28,840,2700,0.003324367
30,29,870,3028,0.003328348
30,30,900,2750,0.004397697
30,31,930,2805,0.003993516
30,32,960,2757,0.003763942
30,33,990,3213,0.006065765
30,34,1020,3746,0.004877149
30,35,1050,2732,0.003542698
30,36,1080,2644,0.004234120
30,37,1110,2675,0.004818356
30,38,1140,2760,0.003912925
30,39,1170,2690,0.004723783
30,40,1200,2740,0.007795811
30,41,1230,2734,0.002947986
30,42,1260,2740,0.003828672
30,43,1290,2780,0.002516051
30,44,1320,2697,0.003090127
30,45,1350,3539,0.005655655
30,46,1380,2668,0.003413632
30,47,1410,2738,0.003663623
30,48,1440,2788,0.004367604
30,49,1470,2639,0.004381939
30,50,1500,2705,0.003603609
31,1,31,2691,0.004122791
31,2,62,2744,0.003910118
31,3,93,3027,0.006002755
31,4,124,2880,0.005639126
31,5,155,2781,0.004565117
31,6,186,2670,0.005739631
31,7,217,2801,0.005302101
31,8,248,2862,0.004590225
31,9,279,2756,0.004613672
31,10,310,2751,0.005232252
31,11,341,2694,0.006737473
31,12,372,2727,0.005574426
31,13,403,2747,0.005153520
31,14,434,2673,0.003769580
31,15,465,2698,0.003435316
31,16,496,2704,0.004589954
31,17,527,2692,0.003934179
31,18,558,2750,0.004978665
31,19,589,2845,0.003863800
31,20,620,2774,0.003577484
31,21,651,2840,0.005204586
31,22,682,2781,0.003923921
31,23,713,2734,0.003167435
31,24,744,2638,0.003326395
31,25,775,2693,0.004709807
31,26,806,2801,0.003079930
31,27,837,2914,0.004622324
31,28,868,2745,0.003372801
31,29,899,2898,0.004248696
31,30,930,2766,0.007125565
31,31,961,2825,0.005600622
31,32,992,3581,0.004411039
31,33,1023,2788,0.003554811
31,34,1054,2711,0.005995806
31,35,1085,2876,0.005732540
31,36,1116,2747,0.006375965
31,37,1147,2760,0.003800922
31,38,1178,2723,0.006775445
31,39,1209,2714,0.004885792
31,40,1240,3534,0.004613098
31,41,1271,2922,0.005286594
31,42,1302,2709,0.005497417
31,43,1333,2675,0.005113789
31,44,1364,2688,0.004213802
31,45,1395,2856,0.004546715
31,46,1426,2911,0.004623036
31,47,1457,2664,0.003018495
31,48,1488,3362,0.004275000
31,49,1519,2757,0.004946137
31,50,1550,2764,0.004191889
32,1,32,2734,0.004610510
32,2,64,2725,0.004621838
32,3,96,2750,0.003968304
32,4,128,2749,0.003932856
32,5,160,2820,0.003791287
32,6,192,3309,0.004453505
32,7,224,2798,0.004464970
32,8,256,2680,0.005077774
32,9,288,2743,0.003549081
32,10,320,2776,0.004851446
32,11,352,2766,0.003867256
32,12,384,2919,0.004235693
32,13,416,2709,0.004068853
32,14,448,2691,0.004105868
32,15,480,2777,0.004292704
32,16,512,2844,0.004687440
32,17,544,2853,0.004412103
32,18,576,3185,0.005168156
32,19,608,3822,0.003131785
32,20,640,2760,0.004972145
32,21,672,2835,0.004980821
32,22,704,2728,0.004305463
32,23,736,2814,0.004985302
32,24,768,2748,0.007298119
32,25,800,2706,0.003874140
32,26,832,2718,0.004539470
32,27,864,2658,0.004139445
32,28,896,2780,0.003806867
32,29,928,3123,0.005697086
32,30,960,3023,0.005737208
32,31,992,2719,0.005179971
32,32,1024,2827,0.005676143
32,33,1056,2783,0.005922001
32,34,1088,2778,0.005809842
32,35,1120,2774,0.004770085
32,36,1152,2748,0.004310753
32,37,1184,2695,0.004729797
32,38,1216,3083,0.005954599
32,39,1248,2786,0.004081446
32,40,1280,2817,0.003854879
32,41,1312,2730,0.004791113
32,42,1344,2676,0.003892155
32,43,1376,2676,0.004452406
32,44,1408,2794,0.004686946
32,45,1440,2701,0.004492919
32,46,1472,2714,0.004790869
32,47,1504,2768,0.005739871
32,48,1536,2998,0.005349772
32,49,1568,2739,0.005744715
32,50,1600,2790,0.004402297
33,1,33,2806,0.003631782
33,2,66,2657,0.004065441
33,3,99,2677,0.004065546
33,4,132,2709,0.004108098
33,5,165,2795,0.003854196
33,6,198,2696,0.003052878
33,7,231,2698,0.006332155
33,8,264,2833,0.005378168
33,9,297,2778,0.005407087
33,10,330,2898,0.005225323
33,11,363,2737,0.006544769
33,12,396,2749,0.004097770
33,13,429,2698,0.003503192
33,14,462,2694,0.003959002
33,15,495,2754,0.005079272
33,16,528,2703,0.004869212
33,17,561,2595,0.003953257
33,18,594,2725,0.004751827
33,19,627,2656,0.006380039
33,20,660,2744,0.005077095
33,21,693,2879,0.004450741
33,22,726,2711,0.004219430
33,23,759,2796,0.004006527
33,24,792,2612,0.003780852
33,25,825,2704,0.002647567
33,26,858,2698,0.004928573
33,27,891,2770,0.002888029
33,28,924,2798,0.003650518
33,29,957,2777,0.004068952
33,30,990,2816,0.003619606
33,31,1023,2752,0.004565192
33,32,1056,2975,0.003284161
33,33,1089,2687,0.004724165
33,34,1122,2743,0.005715258
33,35,1155,2659,0.005391331
33,36,1188,2765,0.003937809
33,37,1221,2714,0.005866467
33,38,1254,2697,0.004341738
33,39,1287,2851,0.004438519
33,40,1320,2836,0.004253684
33,41,1353,2710,0.004832018
33,42,1386,2719,0.003485356
33,43,1419,2828,0.003385156
33,44,1452,2829,0.003191323
33,45,1485,2725,0.006684810
33,46,1518,2793,0.004505829
33,47,1551,2695,0.005489769
33,48,1584,2863,0.003579532
33,49,1617,2842,0.005496294
33,50,1650,2860,0.003399845
34,1,34,2676,0.004426037
34,2,68,2675,0.004387362
34,3,102,2895,0.004393540
34,4,136,2758,0.003686889
34,5,170,2767,0.004909665
34,6,204,3290,0.005886076
34,7,238,2814,0.005423400
34,8,272,2676,0.003411986
34,9,306,2965,0.005640363
34,10,340,2763,0.004253207
34,11,374,2760,0.004878245
34,12,408,2795,0.004272203
34,13,442,2844,0.005467836
34,14,476,2732,0.004458048
34,15,510,2688,0.002679620
34,16,544,2779,0.002438223
34,17,578,2746,0.005375479
34,18,612,3404,0.005784281
34,19,646,2767,0.005605681
34,20,680,2755,0.004177297
34,21,714,2803,0.005072768
34,22,748,2777,0.004774541
34,23,782,2819,0.003557161
34,24,816,2776,0.004672613
34,25,850,2622,0.003823635
34,26,884,2778,0.004402242
34,27,918,2956,0.005451983
34,28,952,2758,0.003715309
34,29,986,2782,0.004216358
34,30,1020,3251,0.005381375
34,31,1054,3110,0.004102005
34,32,1088,2946,0.005249903
34,33,1122,2720,0.005462128
34,34,1156,2795,0.003415917
34,35,1190,2848,0.004715766
34,36,1224,2820,0.004839264
34,37,1258,2955,0.002915254
34,38,1292,2684,0.006065060
34,39,1326,2749,0.004540370
34,40,1360,2843,0.004064358
34,41,1394,2994,0.004958237
34,42,1428,2719,0.003466152
34,43,1462,2835,0.004730798
34,44,1496,2770,0.005032761
34,45,1530,2835,0.004711753
34,46,1564,2784,0.004602345
34,47,1598,2648,0.003115190
34,48,1632,2816,0.004732245
34,49,1666,2800,0.004926756
34,50,1700,2718,0.005060312
35,1,35,2854,0.003299751
35,2,70,2924,0.003846120
35,3,105,2811,0.003849403
35,4,140,2757,0.004769464
35,5,175,2939,0.004674968
35,6,210,2686,0.005037930
35,7,245,2815,0.004290374
35,8,280,2840,0.004877012
35,9,315,2957,0.004214765
35,10,350,2809,0.005035343
35,11,385,2793,0.005689160
35,12,420,2789,0.005049341
35,13,455,2803,0.004129632
35,14,490,2711,0.004543867
35,15,525,2745,0.004507574
35,16,560,2864,0.004365236
35,17,595,2757,0.003921097
35,18,630,2667,0.004561430
35,19,665,2748,0.002861807
35,20,700,2780,0.004102157
35,21,735,2652,0.004954556
35,22,770,2896,0.003968075
35,23,805,2926,0.003412839
35,24,840,3342,0.003959620
35,25,875,2690,0.003783520
35,26,910,2791,0.004445103
35,27,945,2854,0.006762873
35,28,980,2722,0.005669373
35,29,1015,2768,0.004939662
35,30,1050,2677,0.004384914
35,31,1085,2824,0.005181203
35,32,1120,2863,0.004309315
35,33,1155,2693,0.004397409
35,34,1190,2982,0.005396855
35,35,1225,2906,0.005343245
35,36,1260,2646,0.005544236
35,37,1295,2699,0.006197289
35,38,1330,2826,0.004195357
35,39,1365,3123,0.004760649
35,40,1400,2888,0.004198676
35,41,1435,2774,0.005545554
35,42,1470,2926,0.004918701
35,43,1505,2711,0.003341068
35,44,1540,2682,0.005012014
35,45,1575,2733,0.004553219
35,46,1610,2779,0.005821425
35,47,1645,2698,0.004789369
35,48,1680,2704,0.005058312
35,49,1715,2747,0.003956547
35,50,1750,2684,0.005094182
36,1,36,2765,0.003165062
36,2,72,2827,0.004663571
36,3,108,2821,0.005006485
36,4,144,2769,0.004155844
36,5,180,2802,0.003690859
36,6,216,2852,0.005449667
36,7,252,2666,0.006049673
36,8,288,3435,0.003186541
36,9,324,3717,0.004084931
36,10,360,2802,0.005347484
36,11,396,3024,0.005296805
36,12,432,2801,0.004447197
36,13,468,2706,0.004432403
36,14,504,2720,0.005163479
36,15,540,2711,0.006434451
36,16,576,2752,0.004357431
36,17,612,2735,0.004433593
36,18,648,2794,0.006638849
36,19,684,2846,0.004241491
36,20,720,2692,0.004487550
36,21,756,2741,0.004678330
36,22,792,2946,0.004396850
36,23,828,2823,0.005121711
36,24,864,2706,0.004110466
36,25,900,2950,0.004111841
36,26,936,2691,0.004806738
36,27,972,2714,0.004345687
36,28,1008,2726,0.004485618
36,29,1044,2813,0.004198733
36,30,1080,2796,0.004098681
36,31,1116,2780,0.002859949
36,32,1152,2810,0.003298885
36,33,1188,3011,0.003992516
36,34,1224,2865,0.003312834
36,35,1260,2827,0.004615248
36,36,1296,2749,0.005414101
36,37,1332,2740,0.004703165
36,38,1368,2845,0.005152845
36,39,1404,2678,0.003415315
36,40,1440,2859,0.005733546
36,41,1476,2835,0.003755671
36,42,1512,2791,0.004838203
36,43,1548,2735,0.004585206
36,44,1584,2732,0.005423675
36,45,1620,3739,0.004083522
36,46,1656,2745,0.003406196
36,47,1692,3005,0.004211501
36,48,1728,2841,0.004231958
36,49,1764,2794,0.004432314
36,50,1800,2848,0.003225216
37,1,37,3418,0.004393864
37,2,74,2841,0.004473847
37,3,111,2816,0.006034374
37,4,148,2727,0.006302073
37,5,185,2673,0.005967075
37,6,222,2734,0.004669653
37,7,259,3391,0.005086194
37,8,296,2605,0.004978418
37,9,333,2619,0.004320709
37,10,370,2693,0.003082544
37,11,407,2685,0.003776402
37,12,444,2748,0.004966212
37,13,481,2842,0.006111282
37,14,518,2664,0.003916624
37,15,555,2665,0.003802333
37,16,592,2658,0.005298896
37,17,629,2709,0.004737266
37,18,666,2800,0.006610826
37,19,703,2919,0.003555814
37,20,740,2803,0.004538341
37,21,777,2853,0.003561222
37,22,814,3214,0.004943132
37,23,851,3323,0.006477342
37,24,888,3502,0.004939979
37,25,925,2830,0.004676872
37,26,962,2838,0.004252907
37,27,999,2672,0.006531995
37,28,1036,2776,0.004647830
37,29,1073,2730,0.004080412
37,30,1110,2957,0.004101142
37,31,1147,3016,0.003645158
37,32,1184,2797,0.006240917
37,33,1221,2728,0.006366658
37,34,1258,2746,0.004296133
37,35,1295,2689,0.003395567
37,36,1332,2887,0.004613541
37,37,1369,2761,0.002954287
37,38,1406,2793,0.004761096
37,39,1443,2836,0.003463683
37,40,1480,2802,0.004183402
37,41,1517,2835,0.004121009
37,42,1554,2779,0.003595920
37,43,1591,2676,0.005612804
37,44,1628,2685,0.005972220
37,45,1665,2700,0.006780764
37,46,1702,2695,0.004339549
37,47,1739,2888,0.004563042
37,48,1776,2858,0.003961772
37,49,1813,2781,0.006152607
37,50,1850,2810,0.004267543
38,1,38,2725,0.004221189
38,2,76,2737,0.004883145
38,3,114,3046,0.004273727
38,4,152,2731,0.005391423
38,5,190,2800,0.003926534
38,6,228,2807,0.003191943
38,7,266,2749,0.004888916
38,8,304,2704,0.004948626
38,9,342,2783,0.003963504
38,10,380,2734,0.005033518
38,11,418,2771,0.004196832
38,12,456,2779,0.003775944
38,13,494,2828,0.004397012
38,14,532,2709,0.004193510
38,15,570,2633,0.004797767
38,16,608,2743,0.004503979
38,17,646,2711,0.004815587
38,18,684,3542,0.004279436
38,19,722,2623,0.002692601
38,20,760,2774,0.004854372
38,21,798,2702,0.002999858
38,22,836,2744,0.005721576
38,23,874,2663,0.004321887
38,24,912,2858,0.004492408
38,25,950,2674,0.003780765
38,26,988,2778,0.004692574
38,27,1026,2637,0.004608829
38,28,1064,2816,0.005432954
38,29,1102,2756,0.005843288
38,30,1140,2844,0.003551039
38,31,1178,2838,0.004392787
38,32,1216,3034,0.006629158
38,33,1254,2663,0.003352661
38,34,1292,2780,0.004297523
38,35,1330,2913,0.004180177
38,36,1368,2821,0.004479683
38,37,1406,2840,0.006174912
38,38,1444,2852,0.004830182
38,39,1482,2986,0.004212649
38,40,1520,2746,0.003908866
38,41,1558,2818,0.003843240
38,42,1596,2768,0.004247822
38,43,1634,2623,0.004165077
38,44,1672,2753,0.003903120
38,45,1710,2719,0.002790325
38,46,1748,3035,0.004278035
38,47,1786,2708,0.004887506
38,48,1824,2683,0.005064024
38,49,1862,2833,0.004171434
38,50,1900,2901,0.005121688
39,1,39,2843,0.004397607
39,2,78,2758,0.005108307
39,3,117,2751,0.004492806
39,4,156,2800,0.003643469
39,5,195,2900,0.005919627
39,6,234,3249,0.004045729
39,7,273,2866,0.004594407
39,8,312,2831,0.004248760
39,9,351,2830,0.004049495
39,10,390,2770,0.006128406
39,11,429,2795,0.004361237
39,12,468,2708,0.003459707
39,13,507,2663,0.003650493
39,14,546,3352,0.003806846
39,15,585,2750,0.004018532
39,16,624,2799,0.005304391
39,17,663,2833,0.004725140
39,18,702,2782,0.004118066
39,19,741,2790,0.003752752
39,20,780,2660,0.003378419
39,21,819,2769,0.004532803
39,22,858,2762,0.003762396
39,23,897,2742,0.004363231
39,24,936,2913,0.003981121
39,25,975,2806,0.003876124
39,26,1014,2735,0.003899745
39,27,1053,2902,0.005925100
39,28,1092,2733,0.005452091
39,29,1131,2653,0.002811259
39,30,1170,2640,0.005011891
39,31,1209,2668,0.006628005
39,32,1248,2969,0.004334042
39,33,1287,2718,0.004043552
39,34,1326,2824,0.003950432
39,35,1365,2721,0.005245494
39,36,1404,2843,0.004870614
39,37,1443,2860,0.006320828
39,38,1482,2817,0.004979239
39,39,1521,2909,0.003757464
39,40,1560,2747,0.005463579
39,41,1599,2806,0.005074191
39,42,1638,2713,0.004619214
39,43,1677,2700,0.003071974
39,44,1716,2674,0.003868031
39,45,1755,2906,0.004788919
39,46,1794,2718,0.004832374
39,47,1833,2709,0.005605709
39,48,1872,2809,0.005116684
39,49,1911,2835,0.004089736
39,50,1950,2720,0.004397316
40,1,40,2743,0.003500305
40,2,80,2667,0.004971034
40,3,120,2744,0.004122907
40,4,160,2864,0.003800185
40,5,200,2621,0.004358327
40,6,240,2751,0.004535973
40,7,280,2837,0.003804360
40,8,320,2788,0.005132284
40,9,360,2680,0.004845140
40,10,400,3025,0.004669413
40,11,440,2910,0.004239816
40,12,480,2682,0.003815787
40,13,520,2773,0.005027223
40,14,560,2704,0.004957673
40,15,600,2723,0.004334623
40,16,640,2778,0.003542347
40,17,680,2706,0.003587497
40,18,720,2789,0.005816544
40,19,760,2698,0.005179918
40,20,800,2578,0.004170941
40,21,840,2707,0.005758707
40,22,880,2770,0.003770983
40,23,920,2620,0.003968636
40,24,960,2943,0.004404474
40,25,1000,2844,0.003241234
40,26,1040,2741,0.003583346
40,27,1080,2765,0.005650165
40,28,1120,2796,0.003134588
40,29,1160,2797,0.004919523
40,30,1200,2939,0.003737596
40,31,1240,2768,0.003207011
40,32,1280,2780,0.004501846
40,33,1320,3264,0.003744706
40,34,1360,2778,0.003564588
40,35,1400,2891,0.004834765
40,36,1440,3470,0.005932487
40,37,1480,2727,0.004387116
40,38,1520,2872,0.004049599
40,39,1560,2757,0.004992123
40,40,1600,2848,0.004259589
40,41,1640,2765,0.004795611
40,42,1680,2729,0.004788972
40,43,1720,2744,0.004576728
40,44,1760,2657,0.005660622
40,45,1800,2728,0.003727613
40,46,1840,2787,0.003185760
40,47,1880,2691,0.004710607
40,48,1920,2698,0.004784905
40,49,1960,3101,0.005653404
40,50,2000,2728,0.007888360
41,1,41,2781,0.004078026
41,2,82,2649,0.003364231
41,3,123,2907,0.004853104
41,4,164,2789,0.005518966
41,5,205,2850,0.004657749
41,6,246,2831,0.005211767
41,7,287,2781,0.004074279
41,8,328,2715,0.004012966
41,9,369,2866,0.005236458
41,10,410,2748,0.004861525
41,11,451,2738,0.003974119
41,12,492,2699,0.003600836
41,13,533,2819,0.003401839
41,14,574,2661,0.004511513
41,15,615,2787,0.003604401
41,16,656,2764,0.004663842
41,17,697,2792,0.004804494
41,18,738,2757,0.003784130
41,19,779,2968,0.005415391
41,20,820,3154,0.003878976
41,21,861,2751,0.004940221
41,22,902,2771,0.003332222
41,23,943,2831,0.004376506
41,24,984,2831,0.003206477
41,25,1025,2763,0.003616558
41,26,1066,2800,0.005579205
41,27,1107,2823,0.004601401
41,28,1148,2883,0.004724691
41,29,1189,2820,0.004612776
41,30,1230,2786,0.004832747
41,31,1271,3100,0.004826839
41,32,1312,2796,0.004521874
41,33,1353,2820,0.005354419
41,34,1394,2851,0.005141578
41,35,1435,2825,0.004927324
41,36,1476,2703,0.005404842
41,37,1517,2797,0.004785766
41,38,1558,2834,0.006150339
41,39,1599,2835,0.005458723
41,40,1640,2856,0.006875908
41,41,1681,3686,0.005395592
41,42,1722,2817,0.005397282
41,43,1763,2729,0.004287797
41,44,1804,2822,0.006412018
41,45,1845,2804,0.004830197
41,46,1886,2789,0.005707499
41,47,1927,3588,0.003910263
41,48,1968,2815,0.003620978
41,49,2009,2870,0.004018826
41,50,2050,2729,0.002787020
42,1,42,2762,0.004937642
42,2,84,2810,0.003198607
42,3,126,2984,0.006713231
42,4,168,2855,0.003370033
42,5,210,2643,0.004209594
42,6,252,2668,0.003747152
42,7,294,2880,0.004830276
42,8,336,2937,0.004394679
42,9,378,2780,0.005423122
42,10,420,2885,0.004851434
42,11,462,2927,0.003426612
42,12,504,2780,0.004875421
42,13,546,2774,0.007046094
42,14,588,2741,0.004404611
42,15,630,3116,0.004913580
42,16,672,2789,0.003616324
42,17,714,2662,0.005409598
42,18,756,2806,0.004437319
42,19,798,2821,0.004250683
42,20,840,2907,0.006379010
42,21,882,2836,0.006048224
42,22,924,3036,0.006250021
42,23,966,2713,0.006010978
42,24,1008,2938,0.004532285
42,25,1050,2600,0.003072921
42,26,1092,2769,0.006722693
42,27,1134,3446,0.005010779
42,28,1176,2792,0.004461333
42,29,1218,2828,0.004378594
42,30,1260,2864,0.005146781
42,31,1302,2775,0.003970812
42,32,1344,2722,0.005770806
42,33,1386,2753,0.004428475
42,34,1428,2774,0.004084075
42,35,1470,2739,0.004157159
42,36,1512,2790,0.004820497
42,37,1554,2794,0.003432015
42,38,1596,2773,0.004009792
42,39,1638,2766,0.005171770
42,40,1680,2721,0.006034432
42,41,1722,2685,0.005973824
42,42,1764,2808,0.005857779
42,43,1806,2667,0.003704963
42,44,1848,2851,0.005542199
42,45,1890,2719,0.004806815
42,46,1932,2869,0.005919318
42,47,1974,3144,0.005007722
42,48,2016,2736,0.005764038
42,49,2058,2805,0.005879331
42,50,2100,2766,0.006417669
43,1,43,2726,0.006747255
43,2,86,2799,0.006566868
43,3,129,2761,0.005550776
43,4,172,2840,0.005614552
43,5,215,2744,0.005893949
43,6,258,2855,0.006231623
43,7,301,2798,0.005226860
43,8,344,2681,0.005997770
43,9,387,2709,0.004163477
43,10,430,2751,0.004584880
43,11,473,2911,0.004044931
43,12,516,2744,0.005133126
43,13,559,2970,0.004554340
43,14,602,2690,0.003980740
43,15,645,2771,0.003852027
43,16,688,2795,0.005686846
43,17,731,2783,0.005133835
43,18,774,2723,0.003687747
43,19,817,2689,0.004364010
43,20,860,2897,0.004402885
43,21,903,2811,0.003889177
43,22,946,2686,0.004634736
43,23,989,2995,0.003542008
43,24,1032,2694,0.003001496
43,25,1075,2692,0.004018124
43,26,1118,2770,0.003255494
43,27,1161,2714,0.004369076
43,28,1204,2678,0.005659571
43,29,1247,2713,0.005591901
43,30,1290,2791,0.004762285
43,31,1333,2723,0.005253732
43,32,1376,2696,0.003642366
43,33,1419,2751,0.004708696
43,34,1462,2943,0.004034580
43,35,1505,2760,0.003553482
43,36,1548,2719,0.006951508
43,37,1591,3051,0.003599449
43,38,1634,2978,0.005883342
43,39,1677,2948,0.004392960
43,40,1720,2797,0.006583837
43,41,1763,2749,0.003709027
43,42,1806,2906,0.004059766
43,43,1849,2719,0.004758091
43,44,1892,3341,0.006762351
43,45,1935,2801,0.005464175
43,46,1978,2748,0.005464950
43,47,2021,2827,0.006520766
43,48,2064,2742,0.004894908
43,49,2107,2776,0.004802325
43,50,2150,3270,0.005440992
44,1,44,2695,0.006544966
44,2,88,2931,0.005298901
44,3,132,2802,0.003471614
44,4,176,3253,0.003976967
44,5,220,2705,0.004276815
44,6,264,2635,0.005562677
44,7,308,2803,0.004222004
44,8,352,2764,0.005301170
44,9,396,2762,0.004370522
44,10,440,2730,0.006832415
44,11,484,2851,0.003922315
44,12,528,2805,0.005258829
44,13,572,2807,0.004246304
44,14,616,3301,0.004698434
44,15,660,2810,0.004010980
44,16,704,2928,0.005186501
44,17,748,2792,0.005717323
44,18,792,2798,0.003752004
44,19,836,2885,0.003763550
44,20,880,2894,0.003846910
44,21,924,3514,0.004465790
44,22,968,2791,0.003318726
44,23,1012,2744,0.003592188
44,24,1056,2738,0.005667464
44,25,1100,2639,0.005802671
44,26,1144,2741,0.003568404
44,27,1188,3119,0.004046866
44,28,1232,2766,0.003798997
44,29,1276,2752,0.005079489
44,30,1320,2682,0.005495216
44,31,1364,2794,0.004763664
44,32,1408,2708,0.003784890
44,33,1452,2608,0.003379193
44,34,1496,2825,0.005519819
44,35,1540,3078,0.006164650
44,36,1584,3064,0.004423540
44,37,1628,3033,0.005168564
44,38,1672,2996,0.004819423
44,39,1716,3361,0.003237609
44,40,1760,2737,0.005038093
44,41,1804,2733,0.004212898
44,42,1848,2817,0.004706621
44,43,1892,2711,0.003676322
44,44,1936,2875,0.004399996
44,45,1980,2719,0.002885968
44,46,2024,2792,0.004743074
44,47,2068,2742,0.006341511
44,48,2112,2802,0.003507719
44,49,2156,2752,0.003893430
44,50,2200,2880,0.004542601
45,1,45,2745,0.002546876
45,2,90,3420,0.004490355
45,3,135,2693,0.004336442
45,4,180,2632,0.004707666
45,5,225,2804,0.005857477
45,6,270,2866,0.004460266
45,7,315,2730,0.004359698
45,8,360,2834,0.004087167
45,9,405,2667,0.004812578
45,10,450,2808,0.005837855
45,11,495,2755,0.006181709
45,12,540,2801,0.005504764
45,13,585,2639,0.005349992
45,14,630,2739,0.003757349
45,15,675,2766,0.004343703
45,16,720,2805,0.003426011
45,17,765,3176,0.004424583
45,18,810,2875,0.004567800
45,19,855,2658,0.004436387
45,20,900,2762,0.006378665
45,21,945,2657,0.003923537
45,22,990,2712,0.003777216
45,23,1035,2820,0.004972036
45,24,1080,2736,0.004738623
45,25,1125,2830,0.006165182
45,26,1170,2765,0.005232193
45,27,1215,2776,0.005173714
45,28,1260,2833,0.004229477
45,29,1305,2782,0.003424454
45,30,1350,3482,0.004288456
45,31,1395,3681,0.006230573
45,32,1440,2782,0.004578873
45,33,1485,2681,0.005090269
45,34,1530,3368,0.005189861
45,35,1575,2671,0.004317491
45,36,1620,2669,0.003998528
45,37,1665,2803,0.004579794
45,38,1710,3485,0.003854187
45,39,1755,2830,0.003451040
45,40,1800,2758,0.004643462
45,41,1845,2873,0.003730107
45,42,1890,2853,0.005538775
45,43,1935,2755,0.005498620
45,44,1980,2748,0.005438657
45,45,2025,2763,0.003094560
45,46,2070,2832,0.005585937
45,47,2115,2840,0.004415964
45,48,2160,2726,0.005477144
45,49,2205,2675,0.005822515
45,50,2250,2839,0.004267149
46,1,46,2610,0.005076191
46,2,92,2726,0.004837317
46,3,138,2873,0.005571860
46,4,184,2944,0.004675002
46,5,230,2723,0.004133301
46,6,276,2737,0.006424474
46,7,322,3205,0.004858897
46,8,368,2694,0.004627129
46,9,414,2851,0.004118876
46,10,460,2778,0.004507335
46,11,506,2722,0.006505575
46,12,552,2861,0.008368303
46,13,598,3555,0.004357029
46,14,644,2730,0.005747230
46,15,690,2883,0.005095035
46,16,736,3500,0.004852615
46,17,782,3460,0.004089399
46,18,828,3774,0.004186009
46,19,874,2768,0.003755599
46,20,920,2867,0.003000822
46,21,966,2685,0.002633541
46,22,1012,2837,0.002520723
46,23,1058,2720,0.002445158
46,24,1104,2783,0.003917206
46,25,1150,3089,0.003894424
46,26,1196,2709,0.003892911
46,27,1242,2898,0.004271230
46,28,1288,2684,0.005806494
46,29,1334,3184,0.004845674
46,30,1380,3455,0.006102328
46,31,1426,3021,0.004792255
46,32,1472,3467,0.005607684
46,33,1518,3456,0.012975692
46,34,1564,3484,0.006155489
46,35,1610,3120,0.003425670
46,36,1656,2677,0.003850707
46,37,1702,2762,0.002697204
46,38,1748,2783,0.003232104
46,39,1794,2756,0.003513780
46,40,1840,2891,0.004297028
46,41,1886,3195,0.003112034
46,42,1932,2902,0.003325241
46,43,1978,2682,0.002566931
46,44,2024,2706,0.002519190
46,45,2070,2699,0.002375001
46,46,2116,2652,0.003891728
46,47,2162,3536,0.004594423
46,48,2208,2766,0.002904756
46,49,2254,2793,0.004008198
46,50,2300,2802,0.003767168
47,1,47,2812,0.004139512
47,2,94,2779,0.004809012
47,3,141,2773,0.004110026
47,4,188,2741,0.005043101
47,5,235,2757,0.004104974
47,6,282,2767,0.004827260
47,7,329,2783,0.005725161
47,8,376,2663,0.007003628
47,9,423,2722,0.005696174
47,10,470,2708,0.005774447
47,11,517,2794,0.004995765
47,12,564,2684,0.004185392
47,13,611,2677,0.004651502
47,14,658,2787,0.004351111
47,15,705,3373,0.003637943
47,16,752,2811,0.003690645
47,17,799,2968,0.004252651
47,18,846,3540,0.006670156
47,19,893,3020,0.005584921
47,20,940,2777,0.003076376
47,21,987,2740,0.002710796
47,22,1034,3091,0.003297636
47,23,1081,2811,0.002956766
47,24,1128,2762,0.003072869
47,25,1175,2799,0.003064729
47,26,1222,2637,0.003952086
47,27,1269,3738,0.004447111
47,28,1316,2801,0.005679354
47,29,1363,3377,0.004083229
47,30,1410,2785,0.005628124
47,31,1457,2789,0.005229485
47,32,1504,2916,0.004748532
47,33,1551,2709,0.004885003
47,34,1598,2732,0.006124444
47,35,1645,2639,0.006257929
47,36,1692,2730,0.003664729
47,37,1739,2741,0.005650356
47,38,1786,3413,0.005896191
47,39,1833,3334,0.004916493
47,40,1880,2706,0.003595403
47,41,1927,3502,0.004232966
47,42,1974,2731,0.004418639
47,43,2021,2775,0.004003830
47,44,2068,2692,0.004753907
47,45,2115,2681,0.004392669
47,46,2162,2885,0.005261074
47,47,2209,2603,0.004202806
47,48,2256,3248,0.004683391
47,49,2303,2665,0.003684045
47,50,2350,2758,0.003531988
48,1,48,3199,0.004691411
48,2,96,2756,0.003891289
48,3,144,2726,0.004038462
48,4,192,3028,0.003845225
48,5,240,2886,0.005242914
48,6,288,2689,0.004661569
48,7,336,2740,0.003851286
48,8,384,2875,0.005494552
48,9,432,2834,0.005196102
48,10,480,2681,0.003578146
48,11,528,2753,0.003949766
48,12,576,3285,0.004764084
48,13,624,2908,0.004109528
48,14,672,3650,0.016266786
48,15,720,3803,0.003716954
48,16,768,2960,0.004355853
48,17,816,2759,0.002944138
48,18,864,2800,0.002991043
48,19,912,3262,0.004348905
48,20,960,2724,0.003354777
48,21,1008,3386,0.004055048
48,22,1056,2735,0.003862894
48,23,1104,2688,0.004668723
48,24,1152,2738,0.004159329
48,25,1200,2771,0.005257507
48,26,1248,2749,0.004883574
48,27,1296,2627,0.005416992
48,28,1344,3212,0.004652484
48,29,1392,2835,0.006089428
48,30,1440,2809,0.005161445
48,31,1488,2710,0.004384336
48,32,1536,2765,0.004440571
48,33,1584,2853,0.003736980
48,34,1632,2707,0.003223483
48,35,1680,2713,0.004741626
48,36,1728,2959,0.005881589
48,37,1776,2679,0.004601245
48,38,1824,3501,0.005635549
48,39,1872,3454,0.006881582
48,40,1920,2963,0.006019336
48,41,1968,3589,0.005573318
48,42,2016,3301,0.004488697
48,43,2064,3378,0.004231386
48,44,2112,3562,0.004154438
48,45,2160,3877,0.004113927
48,46,2208,2815,0.003981937
48,47,2256,3602,0.005912350
48,48,2304,2945,0.003689286
48,49,2352,2872,0.003779997
48,50,2400,2891,0.004402157
49,1,49,3692,0.004138817
49,2,98,2757,0.003001363
49,3,147,3183,0.004645983
49,4,196,2842,0.003353622
49,5,245,2704,0.003451351
49,6,294,3159,0.003124324
49,7,343,2779,0.003023047
49,8,392,2661,0.003996286
49,9,441,2736,0.002881381
49,10,490,2701,0.003128327
49,11,539,3696,0.005044898
49,12,588,2758,0.003189342
49,13,637,2733,0.003932077
49,14,686,2990,0.003869140
49,15,735,3092,0.004854943
49,16,784,3397,0.005680830
49,17,833,3640,0.005465551
49,18,882,3396,0.002981969
49,19,931,2869,0.002748667
49,20,980,2629,0.004206692
49,21,1029,2745,0.002711022
49,22,1078,2936,0.003616798
49,23,1127,3291,0.003714422
49,24,1176,3155,0.005479347
49,25,1225,3321,0.004840373
49,26,1274,2761,0.003804855
49,27,1323,3389,0.004337950
49,28,1372,3605,0.006086187
49,29,1421,2701,0.003516298
49,30,1470,3010,0.003671592
49,31,1519,3675,0.003712754
49,32,1568,3610,0.003831440
49,33,1617,2889,0.002896096
49,34,1666,3514,0.003898016
49,35,1715,2809,0.003213368
49,36,1764,3585,0.003753053
49,37,1813,3543,0.003874453
49,38,1862,2859,0.003436661
49,39,1911,2677,0.002507291
49,40,1960,3553,0.004126073
49,41,2009,2938,0.003071699
49,42,2058,2720,0.004408720
49,43,2107,3264,0.002905899
49,44,2156,3028,0.005126815
49,45,2205,2787,0.003533364
49,46,2254,2684,0.005133185
49,47,2303,2692,0.003148039
49,48,2352,3589,0.004217759
49,49,2401,3989,0.004524899
49,50,2450,2697,0.003679561
50,1,50,2737,0.003968293
50,2,100,2660,0.004813781
50,3,150,2736,0.003692782
50,4,200,3002,0.003963356
50,5,250,2778,0.004302857
50,6,300,2793,0.005582724
50,7,350,2795,0.005501495
50,8,400,2747,0.004870991
50,9,450,2713,0.004396991
50,10,500,2913,0.004181329
50,11,550,2718,0.003803059
50,12,600,2674,0.005594404
50,13,650,2781,0.005795872
50,14,700,2694,0.003442570
50,15,750,2876,0.003791896
50,16,800,2737,0.003959354
50,17,850,2666,0.005107492
50,18,900,2754,0.005727402
50,19,950,2797,0.004344634
50,20,1000,2673,0.004774922
50,21,1050,2726,0.006829049
50,22,1100,2689,0.004261114
50,23,1150,2726,0.003106138
50,24,1200,2802,0.002570368
50,25,1250,2710,0.005014775
50,26,1300,3058,0.004819158
50,27,1350,2791,0.005837323
50,28,1400,3300,0.005025486
50,29,1450,3791,0.006331994
50,30,1500,3216,0.004675013
50,31,1550,2681,0.004848920
50,32,1600,2766,0.007037155
50,33,1650,2710,0.004349199
50,34,1700,2817,0.003315514
50,35,1750,2761,0.004639259
50,36,1800,3059,0.004002215
50,37,1850,2750,0.002966465
50,38,1900,3613,0.004020791
50,39,1950,2696,0.004223993
50,40,2000,2846,0.005295849
50,41,2050,2814,0.003708352
50,42,2100,2657,0.004476714
50,43,2150,2790,0.003451047
50,44,2200,2786,0.005292478
50,45,2250,2782,0.004988683
50,46,2300,2813,0.004134873
50,47,2350,2887,0.006147714
50,48,2400,2868,0.005712409
50,49,2450,2748,0.005477205
50,50,2500,2841,0.004278670
