Num1,Num2,Product,TLB_Misses,Execution_Time
1,1,01,294,0.006488072
1,2,02,293,0.003977327
1,3,03,284,0.004336092
1,4,04,283,0.003834692
1,5,05,277,0.005430359
1,6,06,292,0.004234369
1,7,07,282,0.004489518
1,8,08,307,0.003832104
1,9,09,303,0.004203131
1,10,10,279,0.006317819
1,11,11,301,0.005608995
1,12,12,277,0.005419401
1,13,13,315,0.003540669
1,14,14,304,0.003430394
1,15,15,300,0.003940199
1,16,16,305,0.004980897
1,17,17,323,0.003835467
1,18,18,284,0.003659258
1,19,19,314,0.003655595
1,20,20,290,0.003557630
1,21,21,291,0.003706811
1,22,22,302,0.004249048
1,23,23,302,0.004831387
1,24,24,300,0.003085758
1,25,25,313,0.004824100
1,26,26,310,0.005315064
1,27,27,295,0.003564189
1,28,28,286,0.003774954
1,29,29,286,0.002962882
1,30,30,300,0.004390154
1,31,31,296,0.003447744
1,32,32,295,0.003508941
1,33,33,298,0.003873355
1,34,34,294,0.003750595
1,35,35,281,0.004811611
1,36,36,291,0.005253606
1,37,37,291,0.003403723
1,38,38,293,0.003857143
1,39,39,309,0.005326352
1,40,40,283,0.003447162
1,41,41,292,0.005869115
1,42,42,299,0.005133597
1,43,43,301,0.003706273
1,44,44,277,0.004310369
1,45,45,280,0.004697387
1,46,46,306,0.004207615
1,47,47,289,0.005037748
1,48,48,289,0.004063927
1,49,49,295,0.004440433
1,50,50,288,0.004660719
2,1,02,306,0.004532655
2,2,04,286,0.004597107
2,3,06,290,0.003616017
2,4,08,295,0.003680191
2,5,10,280,0.004414201
2,6,12,298,0.004185174
2,7,14,289,0.004303989
2,8,16,302,0.005418589
2,9,18,284,0.003904085
2,10,20,274,0.004698135
2,11,22,306,0.005179135
2,12,24,331,0.004737082
2,13,26,301,0.002703069
2,14,28,306,0.003443148
2,15,30,273,0.004434121
2,16,32,302,0.003572374
2,17,34,277,0.004837081
2,18,36,308,0.004705574
2,19,38,282,0.004213665
2,20,40,277,0.003073157
2,21,42,301,0.004649174
2,22,44,282,0.004405864
2,23,46,304,0.005743854
2,24,48,302,0.004929064
2,25,50,291,0.006314433
2,26,52,271,0.003631151
2,27,54,304,0.004207831
2,28,56,275,0.003711380
2,29,58,288,0.004464693
2,30,60,291,0.004345500
2,31,62,296,0.006068710
2,32,64,294,0.005251557
2,33,66,286,0.003561061
2,34,68,283,0.004968593
2,35,70,293,0.004158539
2,36,72,313,0.005695243
2,37,74,287,0.004653283
2,38,76,290,0.003315294
2,39,78,283,0.005296911
2,40,80,288,0.003254428
2,41,82,272,0.004061982
2,42,84,271,0.004193554
2,43,86,306,0.004715691
2,44,88,293,0.005442519
2,45,90,281,0.003583315
2,46,92,277,0.003579887
2,47,94,302,0.003135217
2,48,96,296,0.005034203
2,49,98,280,0.004107543
2,50,100,289,0.002957082
3,1,03,286,0.005157768
3,2,06,300,0.005268257
3,3,09,302,0.004183168
3,4,12,287,0.005438025
3,5,15,280,0.004750012
3,6,18,280,0.005835038
3,7,21,309,0.003755924
3,8,24,304,0.005777162
3,9,27,297,0.004090792
3,10,30,293,0.003605686
3,11,33,303,0.004025618
3,12,36,296,0.004800302
3,13,39,294,0.004304743
3,14,42,294,0.003300273
3,15,45,304,0.003695555
3,16,48,308,0.004060542
3,17,51,309,0.005042892
3,18,54,300,0.005352050
3,19,57,297,0.004746941
3,20,60,278,0.004389721
3,21,63,292,0.005427046
3,22,66,303,0.004989406
3,23,69,280,0.004484306
3,24,72,282,0.004497808
3,25,75,285,0.004282132
3,26,78,297,0.004217943
3,27,81,297,0.005330152
3,28,84,299,0.005052267
3,29,87,301,0.005167253
3,30,90,273,0.004326547
3,31,93,284,0.004243096
3,32,96,295,0.006390638
3,33,99,269,0.004845292
3,34,102,295,0.005614857
3,35,105,292,0.005138131
3,36,108,284,0.005683058
3,37,111,304,0.003775222
3,38,114,289,0.006243460
3,39,117,292,0.004718040
3,40,120,283,0.003927609
3,41,123,312,0.005137964
3,42,126,285,0.004700826
3,43,129,275,0.003624972
3,44,132,295,0.005398614
3,45,135,289,0.003864578
3,46,138,309,0.005686933
3,47,141,309,0.003634924
3,48,144,284,0.005008024
3,49,147,289,0.003903638
3,50,150,281,0.004407711
4,1,04,287,0.004325444
4,2,08,305,0.004445132
4,3,12,287,0.003942340
4,4,16,289,0.004697149
4,5,20,309,0.003984314
4,6,24,299,0.005073845
4,7,28,306,0.004658924
4,8,32,292,0.004985420
4,9,36,291,0.004539710
4,10,40,303,0.005402284
4,11,44,310,0.007273537
4,12,48,283,0.004572369
4,13,52,299,0.005583714
4,14,56,298,0.006931343
4,15,60,285,0.005377971
4,16,64,284,0.005270656
4,17,68,282,0.004806741
4,18,72,288,0.005088152
4,19,76,311,0.003059185
4,20,80,278,0.004175143
4,21,84,306,0.002724075
4,22,88,288,0.004744653
4,23,92,284,0.006510434
4,24,96,284,0.003497912
4,25,100,314,0.004688378
4,26,104,278,0.003450258
4,27,108,310,0.006073791
4,28,112,279,0.004030173
4,29,116,297,0.004372429
4,30,120,301,0.004150540
4,31,124,299,0.004085086
4,32,128,300,0.004436308
4,33,132,278,0.004076000
4,34,136,288,0.003964950
4,35,140,291,0.004493176
4,36,144,289,0.004466032
4,37,148,294,0.005832938
4,38,152,285,0.004711914
4,39,156,296,0.003231704
4,40,160,287,0.004949492
4,41,164,297,0.008397859
4,42,168,281,0.005384160
4,43,172,297,0.005233607
4,44,176,285,0.005698368
4,45,180,301,0.005093761
4,46,184,293,0.005162222
4,47,188,285,0.004180957
4,48,192,290,0.010301312
4,49,196,320,0.005856128
4,50,200,286,0.005102951
5,1,05,282,0.004123960
5,2,10,286,0.004796971
5,3,15,289,0.004264696
5,4,20,292,0.003934174
5,5,25,306,0.004446324
5,6,30,282,0.002981485
5,7,35,290,0.003358198
5,8,40,306,0.004743887
5,9,45,288,0.003150169
5,10,50,289,0.003310831
5,11,55,283,0.002719275
5,12,60,285,0.003557102
5,13,65,310,0.003034742
5,14,70,313,0.003668475
5,15,75,300,0.003953597
5,16,80,279,0.002904670
5,17,85,290,0.003932528
5,18,90,298,0.003357732
5,19,95,308,0.002994841
5,20,100,280,0.002874173
5,21,105,292,0.003368245
5,22,110,303,0.004424560
5,23,115,270,0.002790853
5,24,120,299,0.003852422
5,25,125,278,0.002981562
5,26,130,297,0.003663884
5,27,135,302,0.003245654
5,28,140,316,0.002647838
5,29,145,289,0.003317374
5,30,150,285,0.002510284
5,31,155,287,0.002863418
5,32,160,295,0.002920516
5,33,165,287,0.002450334
5,34,170,290,0.003301651
5,35,175,287,0.002746158
5,36,180,272,0.007041575
5,37,185,296,0.004750633
5,38,190,283,0.005451753
5,39,195,303,0.005403820
5,40,200,328,0.004680239
5,41,205,291,0.003971327
5,42,210,288,0.003796543
5,43,215,290,0.003666878
5,44,220,290,0.004597375
5,45,225,275,0.005124396
5,46,230,284,0.004931029
5,47,235,293,0.005069842
5,48,240,293,0.005214222
5,49,245,296,0.005145125
5,50,250,287,0.002931050
6,1,06,290,0.004459551
6,2,12,281,0.008877134
6,3,18,296,0.006557207
6,4,24,282,0.004458818
6,5,30,282,0.003943472
6,6,36,299,0.003416266
6,7,42,300,0.006119453
6,8,48,322,0.004845624
6,9,54,295,0.003636983
6,10,60,283,0.004348028
6,11,66,296,0.005981058
6,12,72,313,0.004378354
6,13,78,289,0.004903930
6,14,84,285,0.003481161
6,15,90,287,0.003589773
6,16,96,295,0.004919084
6,17,102,292,0.003640648
6,18,108,289,0.003431675
6,19,114,287,0.005515975
6,20,120,294,0.004962722
6,21,126,282,0.004713112
6,22,132,287,0.004759320
6,23,138,291,0.005701597
6,24,144,281,0.005643378
6,25,150,312,0.003953802
6,26,156,285,0.006017159
6,27,162,157,0.005771559
6,28,168,288,0.006121983
6,29,174,299,0.004898578
6,30,180,283,0.002761770
6,31,186,281,0.005089734
6,32,192,299,0.005696959
6,33,198,275,0.005346022
6,34,204,294,0.004354929
6,35,210,298,0.006682898
6,36,216,280,0.005105006
6,37,222,297,0.003848647
6,38,228,306,0.005186724
6,39,234,274,0.004772661
6,40,240,296,0.004333822
6,41,246,299,0.003719836
6,42,252,279,0.004131436
6,43,258,282,0.005090900
6,44,264,311,0.003378778
6,45,270,282,0.003757651
6,46,276,300,0.004675093
6,47,282,311,0.004080923
6,48,288,296,0.005147495
6,49,294,294,0.003934763
6,50,300,287,0.003534134
7,1,07,304,0.004715901
7,2,14,302,0.003155859
7,3,21,270,0.003665360
7,4,28,297,0.006188902
7,5,35,310,0.004756836
7,6,42,308,0.003883751
7,7,49,280,0.003711145
7,8,56,291,0.004011178
7,9,63,290,0.004299916
7,10,70,283,0.004824469
7,11,77,292,0.004287368
7,12,84,292,0.005005086
7,13,91,279,0.005512136
7,14,98,299,0.004903892
7,15,105,284,0.005304111
7,16,112,278,0.004949248
7,17,119,282,0.004020384
7,18,126,280,0.004626396
7,19,133,296,0.004219288
7,20,140,308,0.005162641
7,21,147,305,0.003510078
7,22,154,280,0.004024995
7,23,161,285,0.003876792
7,24,168,307,0.005053461
7,25,175,300,0.004648676
7,26,182,297,0.003925622
7,27,189,301,0.005376913
7,28,196,322,0.004930565
7,29,203,301,0.004128755
7,30,210,306,0.005968741
7,31,217,276,0.004113631
7,32,224,310,0.003651949
7,33,231,286,0.004837493
7,34,238,290,0.005712363
7,35,245,291,0.005932091
7,36,252,295,0.004405154
7,37,259,300,0.005619853
7,38,266,293,0.004971801
7,39,273,271,0.004778306
7,40,280,301,0.004742302
7,41,287,279,0.003662884
7,42,294,289,0.004608179
7,43,301,278,0.003846207
7,44,308,291,0.003495699
7,45,315,317,0.004611591
7,46,322,303,0.004018007
7,47,329,297,0.005683051
7,48,336,286,0.003026687
7,49,343,289,0.004370346
7,50,350,297,0.005455141
8,1,08,288,0.003970977
8,2,16,288,0.006168356
8,3,24,315,0.003752838
8,4,32,296,0.005567738
8,5,40,325,0.003901651
8,6,48,295,0.005107359
8,7,56,287,0.006230126
8,8,64,288,0.006349159
8,9,72,293,0.003644622
8,10,80,293,0.004043447
8,11,88,282,0.002484366
8,12,96,299,0.004553061
8,13,104,286,0.005673222
8,14,112,298,0.004894137
8,15,120,299,0.003787843
8,16,128,294,0.005473952
8,17,136,293,0.005480137
8,18,144,299,0.003473090
8,19,152,283,0.003377455
8,20,160,300,0.003649586
8,21,168,289,0.004228214
8,22,176,289,0.003952887
8,23,184,299,0.006524072
8,24,192,266,0.005972725
8,25,200,298,0.004956491
8,26,208,288,0.004574507
8,27,216,276,0.003452375
8,28,224,287,0.003575894
8,29,232,299,0.004777827
8,30,240,286,0.003935674
8,31,248,311,0.005480816
8,32,256,295,0.003758608
8,33,264,275,0.003596832
8,34,272,310,0.005402396
8,35,280,300,0.004097137
8,36,288,281,0.003299464
8,37,296,275,0.005557374
8,38,304,290,0.003574105
8,39,312,277,0.003933071
8,40,320,297,0.003174689
8,41,328,268,0.005608403
8,42,336,285,0.003865597
8,43,344,304,0.005473099
8,44,352,303,0.005908936
8,45,360,276,0.005113981
8,46,368,285,0.003844807
8,47,376,320,0.004652143
8,48,384,282,0.004387841
8,49,392,272,0.005612431
8,50,400,305,0.004012656
9,1,09,289,0.005123036
9,2,18,296,0.004734768
9,3,27,290,0.005527396
9,4,36,285,0.004069193
9,5,45,298,0.002904928
9,6,54,285,0.005100936
9,7,63,285,0.003423752
9,8,72,299,0.004523072
9,9,81,282,0.005038723
9,10,90,300,0.005591202
9,11,99,295,0.003680804
9,12,108,308,0.004239998
9,13,117,299,0.004610621
9,14,126,291,0.004893762
9,15,135,277,0.004794316
9,16,144,302,0.005045808
9,17,153,281,0.003150360
9,18,162,293,0.003764784
9,19,171,292,0.005851160
9,20,180,289,0.004639924
9,21,189,289,0.003894335
9,22,198,316,0.004175091
9,23,207,293,0.004003537
9,24,216,311,0.004927257
9,25,225,289,0.006780824
9,26,234,293,0.004754318
9,27,243,285,0.003893064
9,28,252,294,0.005461430
9,29,261,296,0.006072262
9,30,270,290,0.003982804
9,31,279,292,0.004302056
9,32,288,307,0.006067370
9,33,297,270,0.005189662
9,34,306,284,0.004557683
9,35,315,271,0.004059864
9,36,324,287,0.002888221
9,37,333,286,0.003884865
9,38,342,339,0.004943762
9,39,351,284,0.005769414
9,40,360,289,0.003951677
9,41,369,274,0.004310589
9,42,378,288,0.003261773
9,43,387,293,0.003787456
9,44,396,294,0.004936647
9,45,405,309,0.005266036
9,46,414,334,0.005567912
9,47,423,289,0.005211905
9,48,432,297,0.005813408
9,49,441,315,0.003305395
9,50,450,289,0.004137570
10,1,10,303,0.004896238
10,2,20,331,0.004647612
10,3,30,297,0.006279372
10,4,40,282,0.005801357
10,5,50,305,0.003723992
10,6,60,287,0.005020775
10,7,70,288,0.004270375
10,8,80,277,0.005280667
10,9,90,283,0.004546167
10,10,100,285,0.004477331
10,11,110,281,0.005837141
10,12,120,295,0.004165835
10,13,130,299,0.004474387
10,14,140,305,0.004395476
10,15,150,292,0.007110310
10,16,160,300,0.005736133
10,17,170,273,0.006188732
10,18,180,292,0.004975994
10,19,190,292,0.004706387
10,20,200,291,0.004673866
10,21,210,300,0.005834970
10,22,220,286,0.003936985
10,23,230,289,0.004671723
10,24,240,306,0.004791342
10,25,250,304,0.004860249
10,26,260,296,0.004991705
10,27,270,292,0.005660860
10,28,280,301,0.005270028
10,29,290,280,0.004295517
10,30,300,314,0.004608769
10,31,310,287,0.004883875
10,32,320,305,0.005593277
10,33,330,278,0.005587249
10,34,340,268,0.004925489
10,35,350,311,0.004327132
10,36,360,278,0.003875774
10,37,370,297,0.003864958
10,38,380,274,0.005508178
10,39,390,276,0.004187649
10,40,400,313,0.004293932
10,41,410,284,0.004964085
10,42,420,280,0.003692866
10,43,430,301,0.003276698
10,44,440,292,0.004841485
10,45,450,293,0.005596320
10,46,460,299,0.005356870
10,47,470,296,0.004729189
10,48,480,301,0.004674595
10,49,490,292,0.003781993
10,50,500,310,0.004565433
11,1,11,312,0.003714037
11,2,22,325,0.005719156
11,3,33,293,0.004857953
11,4,44,289,0.007983321
11,5,55,297,0.005635297
11,6,66,281,0.003573307
11,7,77,278,0.004913127
11,8,88,285,0.004545276
11,9,99,301,0.004200795
11,10,110,292,0.003847212
11,11,121,274,0.004863976
11,12,132,275,0.003871088
11,13,143,285,0.004135454
11,14,154,288,0.004951627
11,15,165,281,0.003613681
11,16,176,297,0.002863850
11,17,187,298,0.003898223
11,18,198,310,0.005741076
11,19,209,299,0.005046897
11,20,220,281,0.003755444
11,21,231,289,0.005363300
11,22,242,293,0.005719670
11,23,253,292,0.004552787
11,24,264,307,0.004295665
11,25,275,302,0.006898088
11,26,286,279,0.005037619
11,27,297,274,0.005029989
11,28,308,292,0.004720212
11,29,319,289,0.004388208
11,30,330,278,0.004876205
11,31,341,306,0.003479726
11,32,352,280,0.005066411
11,33,363,286,0.003099891
11,34,374,301,0.003808494
11,35,385,306,0.005167678
11,36,396,317,0.002961680
11,37,407,297,0.004290004
11,38,418,298,0.006213028
11,39,429,299,0.005630380
11,40,440,288,0.005384411
11,41,451,295,0.004822847
11,42,462,283,0.006214897
11,43,473,285,0.005162717
11,44,484,296,0.004283103
11,45,495,277,0.003445677
11,46,506,305,0.003996237
11,47,517,302,0.004598870
11,48,528,291,0.004975093
11,49,539,287,0.004756279
11,50,550,278,0.003733095
12,1,12,294,0.004565133
12,2,24,276,0.004311433
12,3,36,301,0.004373679
12,4,48,297,0.003871095
12,5,60,289,0.005396514
12,6,72,288,0.004421903
12,7,84,293,0.004328580
12,8,96,286,0.005706087
12,9,108,317,0.004777097
12,10,120,314,0.005109171
12,11,132,289,0.004712940
12,12,144,313,0.005344834
12,13,156,299,0.005113617
12,14,168,316,0.005815941
12,15,180,291,0.004759358
12,16,192,305,0.004350424
12,17,204,303,0.005331275
12,18,216,300,0.004921396
12,19,228,289,0.003121783
12,20,240,303,0.004531174
12,21,252,296,0.004826420
12,22,264,277,0.003656376
12,23,276,299,0.004708539
12,24,288,299,0.004832502
12,25,300,293,0.005495774
12,26,312,297,0.005567706
12,27,324,289,0.004342418
12,28,336,287,0.005546601
12,29,348,285,0.004863118
12,30,360,291,0.004055155
12,31,372,275,0.005637649
12,32,384,270,0.005223737
12,33,396,304,0.004925662
12,34,408,294,0.004654916
12,35,420,301,0.004191855
12,36,432,295,0.004875383
12,37,444,278,0.005267689
12,38,456,323,0.005068927
12,39,468,328,0.006454084
12,40,480,289,0.004223473
12,41,492,306,0.004144343
12,42,504,307,0.004403640
12,43,516,320,0.004415736
12,44,528,291,0.005325837
12,45,540,279,0.004525643
12,46,552,302,0.004641008
12,47,564,286,0.003969500
12,48,576,284,0.003419549
12,49,588,282,0.004837525
12,50,600,300,0.005076941
13,1,13,299,0.003642607
13,2,26,313,0.003988761
13,3,39,285,0.004704081
13,4,52,290,0.008523843
13,5,65,290,0.005753024
13,6,78,297,0.004289614
13,7,91,288,0.004350144
13,8,104,291,0.004926134
13,9,117,297,0.005354663
13,10,130,294,0.004721298
13,11,143,311,0.005461109
13,12,156,292,0.005425579
13,13,169,301,0.005068234
13,14,182,290,0.005386974
13,15,195,289,0.006670970
13,16,208,307,0.005676029
13,17,221,313,0.006247858
13,18,234,274,0.006431629
13,19,247,327,0.005707936
13,20,260,301,0.005216339
13,21,273,302,0.003897936
13,22,286,296,0.003416206
13,23,299,299,0.003510611
13,24,312,284,0.002822437
13,25,325,288,0.002643505
13,26,338,283,0.002595330
13,27,351,289,0.005054369
13,28,364,296,0.004920592
13,29,377,280,0.004064034
13,30,390,295,0.003898035
13,31,403,294,0.003574677
13,32,416,316,0.003263567
13,33,429,316,0.004876192
13,34,442,318,0.004885276
13,35,455,294,0.004720269
13,36,468,314,0.004209444
13,37,481,278,0.003303897
13,38,494,318,0.004962200
13,39,507,293,0.002717289
13,40,520,324,0.005084407
13,41,533,303,0.004114614
13,42,546,294,0.003693140
13,43,559,320,0.003537576
13,44,572,290,0.004046666
13,45,585,326,0.004717970
13,46,598,297,0.003888545
13,47,611,285,0.004162792
13,48,624,306,0.004837346
13,49,637,310,0.004557898
13,50,650,298,0.004999724
14,1,14,284,0.003888905
14,2,28,282,0.003366564
14,3,42,280,0.005008440
14,4,56,298,0.003676364
14,5,70,292,0.004171197
14,6,84,298,0.003835213
14,7,98,289,0.004509998
14,8,112,311,0.005420796
14,9,126,294,0.004615548
14,10,140,298,0.003734272
14,11,154,299,0.004470630
14,12,168,294,0.007069724
14,13,182,281,0.005911172
14,14,196,305,0.004667908
14,15,210,295,0.004582086
14,16,224,297,0.002546412
14,17,238,279,0.004512695
14,18,252,298,0.004313833
14,19,266,295,0.007266838
14,20,280,290,0.004707864
14,21,294,297,0.004626634
14,22,308,276,0.004537934
14,23,322,300,0.004115535
14,24,336,295,0.005023425
14,25,350,283,0.003857146
14,26,364,286,0.003370592
14,27,378,293,0.005557496
14,28,392,311,0.005659221
14,29,406,276,0.004837241
14,30,420,294,0.005000526
14,31,434,294,0.004295188
14,32,448,294,0.005058597
14,33,462,310,0.006780680
14,34,476,292,0.004915819
14,35,490,291,0.004771508
14,36,504,289,0.002734703
14,37,518,324,0.005269384
14,38,532,270,0.003650991
14,39,546,290,0.006334830
14,40,560,302,0.005161021
14,41,574,303,0.005168608
14,42,588,275,0.005486538
14,43,602,291,0.005101903
14,44,616,278,0.003763297
14,45,630,284,0.005559639
14,46,644,295,0.003526463
14,47,658,272,0.004748867
14,48,672,301,0.004275982
14,49,686,317,0.009596775
14,50,700,280,0.006020090
15,1,15,282,0.004612120
15,2,30,293,0.003340847
15,3,45,279,0.004656591
15,4,60,316,0.003995804
15,5,75,288,0.006594240
15,6,90,327,0.005970265
15,7,105,282,0.006725239
15,8,120,302,0.004578657
15,9,135,280,0.005090471
15,10,150,275,0.004064074
15,11,165,298,0.005411444
15,12,180,281,0.004547630
15,13,195,269,0.006011168
15,14,210,297,0.006173292
15,15,225,289,0.003925796
15,16,240,290,0.006056254
15,17,255,299,0.005982045
15,18,270,282,0.006021759
15,19,285,281,0.007039824
15,20,300,296,0.004664007
15,21,315,287,0.006138920
15,22,330,276,0.006582251
15,23,345,291,0.005824841
15,24,360,282,0.006163070
15,25,375,291,0.006208704
15,26,390,274,0.005589811
15,27,405,290,0.006339906
15,28,420,310,0.005756706
15,29,435,294,0.004722105
15,30,450,297,0.005499710
15,31,465,276,0.006631338
15,32,480,285,0.005726689
15,33,495,272,0.006095044
15,34,510,285,0.005761641
15,35,525,290,0.005583037
15,36,540,305,0.005685303
15,37,555,310,0.003588347
15,38,570,297,0.004415070
15,39,585,299,0.007150711
15,40,600,295,0.006436202
15,41,615,284,0.005842829
15,42,630,278,0.006888810
15,43,645,288,0.003657080
15,44,660,281,0.006040045
15,45,675,282,0.006794251
15,46,690,295,0.005079001
15,47,705,290,0.003616359
15,48,720,286,0.005736050
15,49,735,307,0.006479755
15,50,750,276,0.005878205
16,1,16,293,0.006607033
16,2,32,290,0.005355507
16,3,48,300,0.005571605
16,4,64,286,0.005636716
16,5,80,320,0.006276593
16,6,96,290,0.004797906
16,7,112,306,0.004647888
16,8,128,304,0.003775474
16,9,144,306,0.005983361
16,10,160,289,0.003536248
16,11,176,281,0.005409447
16,12,192,285,0.005167456
16,13,208,297,0.005180635
16,14,224,294,0.004526865
16,15,240,279,0.005078428
16,16,256,311,0.004913980
16,17,272,323,0.005812570
16,18,288,301,0.003660027
16,19,304,278,0.004886960
16,20,320,287,0.004901593
16,21,336,290,0.003757032
16,22,352,271,0.004721740
16,23,368,308,0.005227778
16,24,384,289,0.003882916
16,25,400,289,0.004365666
16,26,416,287,0.005047308
16,27,432,323,0.004706400
16,28,448,281,0.005546969
16,29,464,279,0.004694135
16,30,480,277,0.004442067
16,31,496,292,0.004476435
16,32,512,286,0.006115637
16,33,528,283,0.006806504
16,34,544,296,0.005388503
16,35,560,275,0.007049145
16,36,576,278,0.006576288
16,37,592,304,0.005172750
16,38,608,308,0.005148112
16,39,624,292,0.005311228
16,40,640,288,0.005140920
16,41,656,303,0.004907325
16,42,672,287,0.005391019
16,43,688,282,0.005697428
16,44,704,274,0.005361007
16,45,720,297,0.004599863
16,46,736,296,0.005768093
16,47,752,276,0.005082043
16,48,768,295,0.004951129
16,49,784,300,0.008274031
16,50,800,287,0.005274763
17,1,17,288,0.006367175
17,2,34,274,0.007093351
17,3,51,281,0.004893417
17,4,68,288,0.005526076
17,5,85,286,0.004960310
17,6,102,282,0.005606875
17,7,119,296,0.006314887
17,8,136,280,0.007343911
17,9,153,281,0.006250220
17,10,170,274,0.006795171
17,11,187,276,0.006230876
17,12,204,288,0.006458244
17,13,221,270,0.006403011
17,14,238,290,0.006677484
17,15,255,287,0.006639512
17,16,272,297,0.006471673
17,17,289,293,0.005436991
17,18,306,314,0.005976103
17,19,323,319,0.006380950
17,20,340,327,0.004461775
17,21,357,274,0.005596162
17,22,374,147,0.007274782
17,23,391,276,0.006565057
17,24,408,296,0.006624339
17,25,425,277,0.005571495
17,26,442,291,0.007339454
17,27,459,285,0.006022130
17,28,476,290,0.004735248
17,29,493,295,0.005680768
17,30,510,286,0.006598640
17,31,527,314,0.005729573
17,32,544,290,0.006492868
17,33,561,295,0.005907394
17,34,578,306,0.007535380
17,35,595,286,0.006035467
17,36,612,288,0.005885490
17,37,629,286,0.005508424
17,38,646,272,0.006515978
17,39,663,289,0.006772702
17,40,680,286,0.005923854
17,41,697,299,0.004911248
17,42,714,303,0.006280444
17,43,731,290,0.006652694
17,44,748,291,0.004734739
17,45,765,274,0.005849470
17,46,782,294,0.006568880
17,47,799,306,0.006104329
17,48,816,307,0.007702521
17,49,833,285,0.005873530
17,50,850,292,0.005600992
18,1,18,293,0.005072505
18,2,36,290,0.006082097
18,3,54,294,0.004331843
18,4,72,307,0.006551121
18,5,90,289,0.006414784
18,6,108,298,0.005239448
18,7,126,281,0.005427626
18,8,144,288,0.004991523
18,9,162,296,0.004925108
18,10,180,282,0.005260045
18,11,198,287,0.004474407
18,12,216,272,0.004088208
18,13,234,283,0.005733249
18,14,252,292,0.005622298
18,15,270,301,0.005674112
18,16,288,293,0.005445902
18,17,306,325,0.004793467
18,18,324,294,0.006229961
18,19,342,295,0.006512301
18,20,360,281,0.005858371
18,21,378,271,0.004158530
18,22,396,290,0.004881811
18,23,414,281,0.004738103
18,24,432,288,0.005461035
18,25,450,279,0.005395487
18,26,468,292,0.004466329
18,27,486,299,0.005355672
18,28,504,294,0.005599065
18,29,522,284,0.006168505
18,30,540,282,0.006203532
18,31,558,311,0.005701896
18,32,576,290,0.005755602
18,33,594,281,0.005936546
18,34,612,280,0.005465986
18,35,630,300,0.004616201
18,36,648,273,0.005275341
18,37,666,281,0.003222344
18,38,684,300,0.004764088
18,39,702,273,0.005727400
18,40,720,278,0.003994456
18,41,738,304,0.005865356
18,42,756,287,0.005469298
18,43,774,280,0.003804571
18,44,792,295,0.003739211
18,45,810,304,0.005572488
18,46,828,289,0.006506324
18,47,846,277,0.006586009
18,48,864,298,0.005826986
18,49,882,298,0.004218885
18,50,900,278,0.005134015
19,1,19,306,0.005160819
19,2,38,291,0.004763685
19,3,57,279,0.006054342
19,4,76,287,0.004586450
19,5,95,295,0.005133205
19,6,114,307,0.006538657
19,7,133,292,0.004992522
19,8,152,272,0.005895735
19,9,171,277,0.005909312
19,10,190,284,0.004696760
19,11,209,293,0.004906589
19,12,228,306,0.004572806
19,13,247,290,0.004352200
19,14,266,289,0.004359627
19,15,285,270,0.006169646
19,16,304,305,0.005729866
19,17,323,281,0.003887845
19,18,342,283,0.006165645
19,19,361,298,0.006308269
19,20,380,309,0.005498945
19,21,399,302,0.005746090
19,22,418,331,0.005734404
19,23,437,288,0.005743980
19,24,456,286,0.006706184
19,25,475,296,0.005767367
19,26,494,279,0.006358071
19,27,513,287,0.007201933
19,28,532,293,0.004923054
19,29,551,305,0.007680222
19,30,570,285,0.006440123
19,31,589,304,0.006406464
19,32,608,283,0.005960151
19,33,627,277,0.005407682
19,34,646,302,0.006244317
19,35,665,281,0.006730980
19,36,684,279,0.005419644
19,37,703,304,0.005974744
19,38,722,291,0.005070430
19,39,741,283,0.005281827
19,40,760,284,0.005058057
19,41,779,298,0.005017353
19,42,798,287,0.005427735
19,43,817,306,0.003061096
19,44,836,285,0.006229158
19,45,855,286,0.003736539
19,46,874,295,0.003946248
19,47,893,309,0.004930553
19,48,912,295,0.005419506
19,49,931,277,0.005487745
19,50,950,288,0.005761260
20,1,20,279,0.005470696
20,2,40,288,0.007254905
20,3,60,276,0.006526741
20,4,80,295,0.005512841
20,5,100,290,0.005167427
20,6,120,299,0.006016540
20,7,140,301,0.005128402
20,8,160,288,0.005373650
20,9,180,274,0.005391445
20,10,200,292,0.004838311
20,11,220,299,0.004928722
20,12,240,289,0.004978237
20,13,260,269,0.006097023
20,14,280,293,0.005631142
20,15,300,294,0.005528683
20,16,320,286,0.006193356
20,17,340,295,0.006911135
20,18,360,283,0.006670328
20,19,380,300,0.005987273
20,20,400,290,0.005541186
20,21,420,283,0.006548742
20,22,440,271,0.007382228
20,23,460,286,0.003961753
20,24,480,295,0.006407148
20,25,500,297,0.005059889
20,26,520,285,0.006582425
20,27,540,284,0.004713604
20,28,560,285,0.006307814
20,29,580,291,0.005218874
20,30,600,274,0.006904251
20,31,620,291,0.007321506
20,32,640,282,0.007022430
20,33,660,291,0.005972707
20,34,680,280,0.006010769
20,35,700,287,0.005636737
20,36,720,275,0.006364894
20,37,740,280,0.005776829
20,38,760,281,0.004496134
20,39,780,278,0.005245079
20,40,800,285,0.006236130
20,41,820,288,0.005211327
20,42,840,293,0.005199670
20,43,860,295,0.004786660
20,44,880,301,0.004159991
20,45,900,292,0.004783786
20,46,920,290,0.003885982
20,47,940,307,0.004676242
20,48,960,290,0.004646793
20,49,980,303,0.005556473
20,50,1000,307,0.004353576
21,1,21,286,0.003848947
21,2,42,288,0.005349317
21,3,63,311,0.006386766
21,4,84,287,0.004484550
21,5,105,291,0.004796588
21,6,126,288,0.007226645
21,7,147,277,0.006875864
21,8,168,283,0.004824533
21,9,189,297,0.006192953
21,10,210,290,0.004812661
21,11,231,311,0.004966760
21,12,252,301,0.003966293
21,13,273,287,0.005953427
21,14,294,282,0.006049483
21,15,315,288,0.005240864
21,16,336,290,0.004072420
21,17,357,282,0.007354272
21,18,378,301,0.005583497
21,19,399,298,0.005426006
21,20,420,305,0.005435155
21,21,441,300,0.004443928
21,22,462,293,0.004761683
21,23,483,289,0.005977101
21,24,504,277,0.006962752
21,25,525,297,0.006202218
21,26,546,283,0.009122433
21,27,567,287,0.007662028
21,28,588,270,0.007471273
21,29,609,286,0.005267176
21,30,630,287,0.006232135
21,31,651,276,0.007067564
21,32,672,311,0.007216802
21,33,693,308,0.004362703
21,34,714,289,0.006675104
21,35,735,275,0.007753332
21,36,756,284,0.007389509
21,37,777,280,0.006901604
21,38,798,281,0.005831576
21,39,819,293,0.004581111
21,40,840,290,0.005999621
21,41,861,292,0.006102190
21,42,882,290,0.003636757
21,43,903,286,0.008072338
21,44,924,296,0.005621813
21,45,945,295,0.004717262
21,46,966,304,0.009210780
21,47,987,339,0.005014897
21,48,1008,279,0.004408539
21,49,1029,289,0.004008685
21,50,1050,309,0.006360809
22,1,22,283,0.003340941
22,2,44,275,0.004773948
22,3,66,280,0.005048578
22,4,88,293,0.005307352
22,5,110,285,0.004433788
22,6,132,286,0.005003722
22,7,154,293,0.005102993
22,8,176,289,0.004410776
22,9,198,280,0.004574856
22,10,220,285,0.005703752
22,11,242,294,0.005463186
22,12,264,284,0.006409690
22,13,286,287,0.005958355
22,14,308,298,0.006644956
22,15,330,270,0.007319398
22,16,352,298,0.007151539
22,17,374,278,0.006358485
22,18,396,291,0.006356836
22,19,418,287,0.004500102
22,20,440,288,0.005490308
22,21,462,291,0.004843239
22,22,484,279,0.005218893
22,23,506,295,0.031328639
22,24,528,276,0.005815929
22,25,550,294,0.007003034
22,26,572,293,0.004991493
22,27,594,301,0.009396516
22,28,616,290,0.009413089
22,29,638,286,0.012202725
22,30,660,296,0.007410899
22,31,682,279,0.006968131
22,32,704,282,0.007066689
22,33,726,272,0.006231556
22,34,748,283,0.008304065
22,35,770,333,0.005762646
22,36,792,290,0.006582283
22,37,814,296,0.008669719
22,38,836,278,0.006698074
22,39,858,287,0.006283302
22,40,880,294,0.005212733
22,41,902,285,0.005774315
22,42,924,277,0.003900833
22,43,946,304,0.005648826
22,44,968,277,0.004806297
22,45,990,294,0.004254999
22,46,1012,308,0.020510319
22,47,1034,280,0.004948818
22,48,1056,294,0.006786995
22,49,1078,306,0.004565264
22,50,1100,277,0.004291543
23,1,23,281,0.005097882
23,2,46,282,0.006026991
23,3,69,278,0.006693159
23,4,92,293,0.006602508
23,5,115,362,0.007022197
23,6,138,294,0.005420006
23,7,161,297,0.007480716
23,8,184,278,0.006043485
23,9,207,275,0.003955780
23,10,230,281,0.003689900
23,11,253,281,0.007165518
23,12,276,284,0.006079436
23,13,299,285,0.006226989
23,14,322,283,0.006185204
23,15,345,294,0.006965920
23,16,368,283,0.007403376
23,17,391,290,0.006490567
23,18,414,272,0.005824358
23,19,437,290,0.005738077
23,20,460,317,0.052363205
23,21,483,327,0.010131872
23,22,506,302,0.005281386
23,23,529,293,0.050458434
23,24,552,278,0.006688680
23,25,575,290,0.006525866
23,26,598,289,0.006430453
23,27,621,276,0.006697183
23,28,644,284,0.009082586
23,29,667,289,0.004636400
23,30,690,330,0.006952110
23,31,713,279,0.008463556
23,32,736,292,0.008404102
23,33,759,285,0.004925821
23,34,782,318,0.003685847
23,35,805,270,0.005898685
23,36,828,289,0.005355176
23,37,851,276,0.004553111
23,38,874,291,0.005403309
23,39,897,287,0.006118667
23,40,920,294,0.006509088
23,41,943,281,0.007264196
23,42,966,275,0.006452126
23,43,989,296,0.006835334
23,44,1012,285,0.005007821
23,45,1035,275,0.005768882
23,46,1058,285,0.006535009
23,47,1081,280,0.006280248
23,48,1104,294,0.005263085
23,49,1127,298,0.006737920
23,50,1150,292,0.006549203
24,1,24,286,0.006022169
24,2,48,290,0.006269799
24,3,72,285,0.007315482
24,4,96,334,0.006133078
24,5,120,303,0.005615088
24,6,144,283,0.004642612
24,7,168,292,0.003507228
24,8,192,291,0.005319407
24,9,216,300,0.005409415
24,10,240,287,0.005446198
24,11,264,291,0.005512677
24,12,288,307,0.005302139
24,13,312,298,0.006474735
24,14,336,278,0.006996699
24,15,360,280,0.005586868
24,16,384,281,0.006905966
24,17,408,277,0.007295675
24,18,432,286,0.007180559
24,19,456,284,0.007088240
24,20,480,274,0.005530670
24,21,504,281,0.003845701
24,22,528,311,0.004987600
24,23,552,277,0.004784751
24,24,576,281,0.004377501
24,25,600,302,0.004928138
24,26,624,284,0.005193047
24,27,648,330,0.005847422
24,28,672,308,0.005109991
24,29,696,282,0.003996027
24,30,720,312,0.003666449
24,31,744,285,0.003586061
24,32,768,295,0.004540997
24,33,792,297,0.004596592
24,34,816,283,0.003996943
24,35,840,282,0.005993795
24,36,864,269,0.004568991
24,37,888,279,0.006652723
24,38,912,282,0.007245862
24,39,936,293,0.007394654
24,40,960,297,0.008193473
24,41,984,282,0.006458870
24,42,1008,273,0.006819903
24,43,1032,292,0.005057561
24,44,1056,282,0.006615594
24,45,1080,285,0.006479628
24,46,1104,292,0.005007988
24,47,1128,302,0.007109087
24,48,1152,266,0.007963141
24,49,1176,291,0.006579323
24,50,1200,292,0.006406635
25,1,25,292,0.006521273
25,2,50,285,0.005569648
25,3,75,295,0.005748885
25,4,100,277,0.006875404
25,5,125,297,0.007809970
25,6,150,275,0.006193305
25,7,175,283,0.006234543
25,8,200,284,0.005222527
25,9,225,281,0.005898516
25,10,250,294,0.006406144
25,11,275,303,0.006086774
25,12,300,278,0.005553629
25,13,325,288,0.006771653
25,14,350,297,0.006077378
25,15,375,284,0.006442691
25,16,400,296,0.005329982
25,17,425,294,0.007002004
25,18,450,285,0.008018597
25,19,475,291,0.007440947
25,20,500,292,0.006721803
25,21,525,299,0.007984096
25,22,550,300,0.008045803
25,23,575,292,0.007031418
25,24,600,345,0.006664563
25,25,625,291,0.005245146
25,26,650,287,0.004790777
25,27,675,283,0.003924132
25,28,700,315,0.005805649
25,29,725,288,0.006111065
25,30,750,287,0.004029306
25,31,775,280,0.003612540
25,32,800,297,0.004830532
25,33,825,307,0.004986435
25,34,850,281,0.005308797
25,35,875,301,0.004435920
25,36,900,291,0.005814298
25,37,925,290,0.006072692
25,38,950,293,0.007050405
25,39,975,292,0.006808970
25,40,1000,283,0.006869337
25,41,1025,287,0.006908468
25,42,1050,296,0.005479532
25,43,1075,326,0.004522659
25,44,1100,293,0.006173553
25,45,1125,287,0.005042463
25,46,1150,280,0.005162001
25,47,1175,296,0.005247639
25,48,1200,305,0.006525108
25,49,1225,283,0.007487070
25,50,1250,278,0.005912552
26,1,26,312,0.006024665
26,2,52,309,0.007194627
26,3,78,293,0.007369442
26,4,104,278,0.005172149
26,5,130,308,0.005798378
26,6,156,279,0.006918342
26,7,182,277,0.007119417
26,8,208,289,0.006168721
26,9,234,285,0.007337849
26,10,260,277,0.005814574
26,11,286,298,0.007198381
26,12,312,281,0.006011943
26,13,338,301,0.007120143
26,14,364,285,0.006520158
26,15,390,300,0.004602570
26,16,416,305,0.006859372
26,17,442,294,0.006274087
26,18,468,286,0.006003441
26,19,494,294,0.005425856
26,20,520,281,0.008287237
26,21,546,292,0.006658619
26,22,572,292,0.007272870
26,23,598,277,0.005707745
26,24,624,299,0.005292947
26,25,650,283,0.006072826
26,26,676,287,0.005548020
26,27,702,275,0.004516711
26,28,728,279,0.008438250
26,29,754,305,0.008426289
26,30,780,284,0.010162162
26,31,806,298,0.007180215
26,32,832,333,0.006056129
26,33,858,294,0.006933019
26,34,884,284,0.005222638
26,35,910,285,0.006551217
26,36,936,285,0.005792716
26,37,962,290,0.006573485
26,38,988,313,0.006961365
26,39,1014,281,0.007990347
26,40,1040,301,0.005473710
26,41,1066,300,0.006118666
26,42,1092,283,0.005918923
26,43,1118,275,0.005955095
26,44,1144,273,0.005446756
26,45,1170,286,0.004870524
26,46,1196,294,0.005270192
26,47,1222,292,0.005158188
26,48,1248,293,0.006208432
26,49,1274,297,0.005932886
26,50,1300,287,0.005581988
27,1,27,283,0.006453867
27,2,54,276,0.005760545
27,3,81,293,0.005704718
27,4,108,285,0.005868780
27,5,135,275,0.005401192
27,6,162,306,0.004675749
27,7,189,289,0.005112927
27,8,216,297,0.004134187
27,9,243,281,0.006738960
27,10,270,291,0.005188274
27,11,297,284,0.006257793
27,12,324,289,0.004937196
27,13,351,304,0.005389213
27,14,378,305,0.005466874
27,15,405,296,0.004762757
27,16,432,303,0.006233243
27,17,459,284,0.004404952
27,18,486,297,0.004865967
27,19,513,295,0.005131902
27,20,540,296,0.005453588
27,21,567,284,0.006273936
27,22,594,294,0.005291078
27,23,621,297,0.005456369
27,24,648,309,0.006477342
27,25,675,279,0.006724267
27,26,702,276,0.008161233
27,27,729,293,0.004936856
27,28,756,281,0.008056133
27,29,783,303,0.005747202
27,30,810,284,0.007646818
27,31,837,308,0.006366174
27,32,864,302,0.005933598
27,33,891,285,0.004433914
27,34,918,288,0.005883684
27,35,945,294,0.006200812
27,36,972,290,0.004893331
27,37,999,288,0.005117677
27,38,1026,288,0.005844303
27,39,1053,297,0.005544271
27,40,1080,287,0.006685133
27,41,1107,293,0.006695640
27,42,1134,305,0.006403840
27,43,1161,289,0.007253387
27,44,1188,272,0.005554197
27,45,1215,294,0.004944700
27,46,1242,286,0.004815103
27,47,1269,277,0.006123939
27,48,1296,274,0.005043842
27,49,1323,288,0.006403251
27,50,1350,306,0.005617527
28,1,28,274,0.004019971
28,2,56,292,0.007175742
28,3,84,295,0.004705403
28,4,112,291,0.005508775
28,5,140,298,0.005077864
28,6,168,287,0.005785063
28,7,196,270,0.006935291
28,8,224,293,0.005472350
28,9,252,293,0.004892213
28,10,280,298,0.005605409
28,11,308,270,0.004173254
28,12,336,329,0.005197197
28,13,364,292,0.004873765
28,14,392,291,0.004924345
28,15,420,295,0.005037229
28,16,448,305,0.003946150
28,17,476,295,0.005315384
28,18,504,302,0.004161467
28,19,532,280,0.006060923
28,20,560,288,0.003682704
28,21,588,274,0.005427399
28,22,616,287,0.005127613
28,23,644,280,0.005495645
28,24,672,283,0.006396451
28,25,700,285,0.004462586
28,26,728,292,0.005100253
28,27,756,293,0.005793786
28,28,784,276,0.004759162
28,29,812,299,0.004457362
28,30,840,280,0.005072515
28,31,868,295,0.006293036
28,32,896,269,0.005319852
28,33,924,288,0.007804129
28,34,952,291,0.006556800
28,35,980,296,0.004696674
28,36,1008,290,0.004904364
28,37,1036,303,0.006704923
28,38,1064,286,0.007764245
28,39,1092,278,0.006763880
28,40,1120,290,0.005192868
28,41,1148,292,0.006259318
28,42,1176,285,0.005236238
28,43,1204,283,0.005616474
28,44,1232,292,0.003697188
28,45,1260,294,0.006394188
28,46,1288,281,0.004904761
28,47,1316,280,0.004707604
28,48,1344,283,0.004978347
28,49,1372,281,0.006813856
28,50,1400,272,0.006365230
29,1,29,278,0.005818568
29,2,58,289,0.007595613
29,3,87,283,0.005698600
29,4,116,282,0.006831374
29,5,145,276,0.006342878
29,6,174,288,0.007055934
29,7,203,291,0.006816343
29,8,232,281,0.006290071
29,9,261,284,0.006086376
29,10,290,293,0.004063008
29,11,319,291,0.006251454
29,12,348,290,0.006206830
29,13,377,286,0.007686197
29,14,406,288,0.005796288
29,15,435,278,0.005911780
29,16,464,279,0.007545027
29,17,493,279,0.006073261
29,18,522,272,0.006198751
29,19,551,273,0.004765820
29,20,580,276,0.006124365
29,21,609,295,0.006327076
29,22,638,301,0.005573637
29,23,667,277,0.006733909
29,24,696,290,0.005973069
29,25,725,286,0.006977002
29,26,754,281,0.006555897
29,27,783,293,0.006184782
29,28,812,292,0.006159483
29,29,841,290,0.008290987
29,30,870,301,0.006756752
29,31,899,286,0.007271408
29,32,928,280,0.006814798
29,33,957,298,0.005130188
29,34,986,274,0.005072873
29,35,1015,284,0.005316904
29,36,1044,301,0.005991545
29,37,1073,304,0.005561889
29,38,1102,314,0.005720389
29,39,1131,299,0.005501598
29,40,1160,286,0.007954713
29,41,1189,311,0.006143958
29,42,1218,276,0.006178323
29,43,1247,286,0.004695557
29,44,1276,287,0.005702795
29,45,1305,287,0.006481380
29,46,1334,284,0.005677628
29,47,1363,284,0.006165135
29,48,1392,298,0.005817858
29,49,1421,297,0.005692499
29,50,1450,282,0.005381904
30,1,30,298,0.006440550
30,2,60,306,0.006343750
30,3,90,301,0.006777919
30,4,120,278,0.005001058
30,5,150,276,0.005626310
30,6,180,309,0.006441228
30,7,210,279,0.006039708
30,8,240,288,0.006562355
30,9,270,277,0.008050351
30,10,300,299,0.006135811
30,11,330,280,0.009532333
30,12,360,292,0.006183829
30,13,390,305,0.006259842
30,14,420,307,0.006092566
30,15,450,271,0.007435044
30,16,480,278,0.007048150
30,17,510,296,0.006276684
30,18,540,294,0.007228868
30,19,570,294,0.006138905
30,20,600,305,0.006470081
30,21,630,295,0.006379182
30,22,660,294,0.006107604
30,23,690,293,0.005692131
30,24,720,279,0.006644046
30,25,750,287,0.005548249
30,26,780,292,0.006748426
30,27,810,276,0.006343181
30,28,840,288,0.004258163
30,29,870,282,0.005834563
30,30,900,275,0.004989688
30,31,930,293,0.004386631
30,32,960,286,0.006091808
30,33,990,271,0.005547639
30,34,1020,274,0.005273284
30,35,1050,295,0.004754692
30,36,1080,289,0.006981743
30,37,1110,279,0.006462013
30,38,1140,289,0.006718078
30,39,1170,312,0.005995044
30,40,1200,280,0.005340786
30,41,1230,306,0.006314056
30,42,1260,294,0.005027098
30,43,1290,291,0.004549470
30,44,1320,274,0.006196957
30,45,1350,291,0.006945445
30,46,1380,287,0.004976346
30,47,1410,274,0.005548751
30,48,1440,267,0.005550107
30,49,1470,300,0.005427254
30,50,1500,284,0.007265892
31,1,31,301,0.005832840
31,2,62,277,0.005221486
31,3,93,305,0.004989952
31,4,124,294,0.003827095
31,5,155,274,0.004910246
31,6,186,291,0.006460839
31,7,217,288,0.005642921
31,8,248,288,0.006240967
31,9,279,286,0.005802402
31,10,310,298,0.006191926
31,11,341,294,0.006720961
31,12,372,295,0.004745002
31,13,403,297,0.004501928
31,14,434,298,0.004853737
31,15,465,295,0.007116880
31,16,496,294,0.006159387
31,17,527,280,0.006074274
31,18,558,295,0.006279373
31,19,589,289,0.004786272
31,20,620,297,0.006924984
31,21,651,290,0.005948884
31,22,682,284,0.004891259
31,23,713,279,0.006504977
31,24,744,283,0.005307580
31,25,775,288,0.006423466
31,26,806,300,0.005651577
31,27,837,298,0.006927431
31,28,868,287,0.005156382
31,29,899,310,0.005097278
31,30,930,303,0.005603563
31,31,961,271,0.006281147
31,32,992,278,0.006690892
31,33,1023,284,0.006316142
31,34,1054,313,0.005848762
31,35,1085,298,0.004383620
31,36,1116,287,0.005199232
31,37,1147,284,0.006595480
31,38,1178,288,0.003586305
31,39,1209,285,0.006158120
31,40,1240,305,0.006319565
31,41,1271,303,0.004779749
31,42,1302,291,0.007604890
31,43,1333,294,0.005896830
31,44,1364,275,0.004559266
31,45,1395,289,0.006449075
31,46,1426,289,0.006110778
31,47,1457,298,0.006383846
31,48,1488,274,0.006358351
31,49,1519,283,0.005469937
31,50,1550,293,0.005651584
32,1,32,278,0.005915149
32,2,64,294,0.006331584
32,3,96,293,0.006442868
32,4,128,288,0.004979185
32,5,160,323,0.004361125
32,6,192,284,0.005487797
32,7,224,297,0.005767488
32,8,256,283,0.005729720
32,9,288,274,0.006645199
32,10,320,292,0.005972284
32,11,352,279,0.006087330
32,12,384,296,0.006441935
32,13,416,297,0.006074982
32,14,448,282,0.005889896
32,15,480,268,0.006769294
32,16,512,279,0.004983771
32,17,544,293,0.005957670
32,18,576,297,0.003528419
32,19,608,280,0.006919995
32,20,640,277,0.006953497
32,21,672,284,0.004340508
32,22,704,284,0.005614011
32,23,736,296,0.005671838
32,24,768,272,0.006261755
32,25,800,291,0.006371378
32,26,832,283,0.006777605
32,27,864,280,0.006462829
32,28,896,281,0.006424489
32,29,928,278,0.006297179
32,30,960,311,0.005675174
32,31,992,290,0.004632430
32,32,1024,285,0.003826645
32,33,1056,282,0.003530924
32,34,1088,273,0.004711459
32,35,1120,290,0.004417737
32,36,1152,290,0.004681948
32,37,1184,283,0.004776623
32,38,1216,282,0.003689897
32,39,1248,281,0.005498509
32,40,1280,286,0.005730681
32,41,1312,304,0.006153294
32,42,1344,281,0.007592028
32,43,1376,295,0.006697426
32,44,1408,282,0.005118656
32,45,1440,280,0.006136673
32,46,1472,278,0.006832966
32,47,1504,287,0.006547976
32,48,1536,273,0.006351295
32,49,1568,292,0.004983391
32,50,1600,286,0.005178420
33,1,33,277,0.004482345
33,2,66,299,0.007569699
33,3,99,276,0.007359582
33,4,132,277,0.006097470
33,5,165,300,0.005850579
33,6,198,274,0.006925143
33,7,231,295,0.006705016
33,8,264,299,0.006537527
33,9,297,288,0.005314697
33,10,330,274,0.006023430
33,11,363,293,0.007253248
33,12,396,272,0.006440558
33,13,429,317,0.007077645
33,14,462,289,0.005847569
33,15,495,274,0.005747874
33,16,528,291,0.006786050
33,17,561,296,0.005824782
33,18,594,295,0.006051170
33,19,627,284,0.006088317
33,20,660,293,0.008060544
33,21,693,289,0.005726566
33,22,726,300,0.007152074
33,23,759,286,0.006469356
33,24,792,288,0.006550427
33,25,825,284,0.006564823
33,26,858,294,0.006891445
33,27,891,279,0.007539395
33,28,924,284,0.005352451
33,29,957,285,0.005916981
33,30,990,280,0.006294929
33,31,1023,293,0.005688746
33,32,1056,297,0.005665404
33,33,1089,289,0.006909383
33,34,1122,285,0.005874229
33,35,1155,274,0.008093357
33,36,1188,290,0.006061053
33,37,1221,287,0.006576670
33,38,1254,290,0.005928472
33,39,1287,312,0.007158164
33,40,1320,294,0.006953590
33,41,1353,293,0.005827011
33,42,1386,309,0.006596399
33,43,1419,278,0.007256245
33,44,1452,295,0.006468550
33,45,1485,275,0.005775768
33,46,1518,289,0.007870248
33,47,1551,272,0.005756209
33,48,1584,292,0.005657196
33,49,1617,279,0.006355774
33,50,1650,290,0.004548163
34,1,34,290,0.005419317
34,2,68,280,0.006081744
34,3,102,279,0.005819176
34,4,136,276,0.006049231
34,5,170,283,0.005538402
34,6,204,296,0.005601005
34,7,238,289,0.006750608
34,8,272,289,0.006228331
34,9,306,304,0.006804042
34,10,340,285,0.006659465
34,11,374,286,0.005883929
34,12,408,278,0.005633611
34,13,442,279,0.006930592
34,14,476,273,0.006697190
34,15,510,296,0.006762641
34,16,544,286,0.007349246
34,17,578,278,0.008614657
34,18,612,290,0.005287045
34,19,646,278,0.005300785
34,20,680,306,0.006391351
34,21,714,283,0.005989401
34,22,748,289,0.006066828
34,23,782,278,0.004284883
34,24,816,290,0.005827301
34,25,850,289,0.006256478
34,26,884,289,0.003953840
34,27,918,272,0.005862074
34,28,952,290,0.007252904
34,29,986,287,0.007716911
34,30,1020,296,0.004831755
34,31,1054,276,0.004858140
34,32,1088,300,0.006603098
34,33,1122,279,0.006594966
34,34,1156,293,0.006344008
34,35,1190,276,0.006416646
34,36,1224,298,0.006685526
34,37,1258,288,0.006909905
34,38,1292,278,0.005446873
34,39,1326,290,0.005383466
34,40,1360,289,0.006566043
34,41,1394,277,0.006602169
34,42,1428,308,0.006374758
34,43,1462,286,0.005397603
34,44,1496,295,0.006406576
34,45,1530,294,0.006760600
34,46,1564,279,0.006149135
34,47,1598,292,0.006688305
34,48,1632,287,0.006496993
34,49,1666,283,0.006399163
34,50,1700,311,0.005890624
35,1,35,276,0.005474523
35,2,70,302,0.005516843
35,3,105,278,0.007339177
35,4,140,291,0.006317961
35,5,175,287,0.006248453
35,6,210,293,0.004865391
35,7,245,277,0.006398850
35,8,280,288,0.007488735
35,9,315,288,0.006303492
35,10,350,295,0.004040195
35,11,385,280,0.005271677
35,12,420,287,0.005784678
35,13,455,288,0.006322768
35,14,490,272,0.006744160
35,15,525,285,0.006405179
35,16,560,284,0.005378071
35,17,595,310,0.005192157
35,18,630,296,0.005912666
35,19,665,277,0.004897269
35,20,700,290,0.005445161
35,21,735,306,0.006215022
35,22,770,281,0.004788176
35,23,805,277,0.005206030
35,24,840,275,0.006250980
35,25,875,278,0.006526503
35,26,910,294,0.005000863
35,27,945,308,0.004509204
35,28,980,304,0.005780746
35,29,1015,286,0.006529443
35,30,1050,284,0.006176453
35,31,1085,286,0.004995007
35,32,1120,290,0.005598896
35,33,1155,166,0.006107965
35,34,1190,286,0.005781974
35,35,1225,291,0.007593814
35,36,1260,280,0.005411611
35,37,1295,285,0.005825341
35,38,1330,290,0.006969697
35,39,1365,295,0.007699570
35,40,1400,284,0.006622002
35,41,1435,292,0.006503160
35,42,1470,296,0.006151459
35,43,1505,279,0.006918754
35,44,1540,288,0.006334606
35,45,1575,282,0.006844285
35,46,1610,285,0.007042461
35,47,1645,291,0.007431402
35,48,1680,295,0.006798093
35,49,1715,283,0.006423176
35,50,1750,291,0.006535355
36,1,36,331,0.006489664
36,2,72,289,0.006448361
36,3,108,288,0.006378626
36,4,144,288,0.006165984
36,5,180,283,0.008211155
36,6,216,287,0.005639148
36,7,252,287,0.006431995
36,8,288,304,0.006691847
36,9,324,283,0.006570648
36,10,360,296,0.006231993
36,11,396,297,0.007433512
36,12,432,295,0.006843077
36,13,468,299,0.004989791
36,14,504,289,0.007043365
36,15,540,279,0.007058994
36,16,576,272,0.006843879
36,17,612,286,0.005509846
36,18,648,297,0.006509016
36,19,684,285,0.006474419
36,20,720,291,0.006037131
36,21,756,294,0.007124826
36,22,792,290,0.005435145
36,23,828,290,0.004783222
36,24,864,294,0.005183587
36,25,900,275,0.005818793
36,26,936,272,0.006212438
36,27,972,281,0.005591740
36,28,1008,277,0.005066377
36,29,1044,274,0.004067592
36,30,1080,318,0.004821348
36,31,1116,281,0.006216241
36,32,1152,307,0.006266062
36,33,1188,294,0.006997189
36,34,1224,289,0.005189928
36,35,1260,292,0.005738857
36,36,1296,307,0.006421876
36,37,1332,284,0.006248688
36,38,1368,291,0.007321904
36,39,1404,277,0.004071901
36,40,1440,287,0.005813588
36,41,1476,284,0.006824925
36,42,1512,289,0.003650429
36,43,1548,278,0.006952115
36,44,1584,283,0.004550819
36,45,1620,282,0.005318462
36,46,1656,282,0.006269906
36,47,1692,286,0.005983408
36,48,1728,292,0.006541491
36,49,1764,287,0.006658321
36,50,1800,285,0.007156625
37,1,37,288,0.006141396
37,2,74,305,0.004471708
37,3,111,291,0.006390932
37,4,148,277,0.006722647
37,5,185,300,0.006354828
37,6,222,273,0.006221471
37,7,259,312,0.006237731
37,8,296,273,0.006252096
37,9,333,300,0.005669111
37,10,370,294,0.005889991
37,11,407,285,0.005807431
37,12,444,288,0.006311616
37,13,481,312,0.006043808
37,14,518,296,0.006670971
37,15,555,297,0.006475636
37,16,592,306,0.006238332
37,17,629,279,0.005814824
37,18,666,298,0.006482655
37,19,703,284,0.005995841
37,20,740,280,0.005587475
37,21,777,283,0.004441401
37,22,814,282,0.006903223
37,23,851,289,0.006286088
37,24,888,293,0.007774030
37,25,925,290,0.007201192
37,26,962,302,0.006435001
37,27,999,285,0.006416885
37,28,1036,292,0.007365593
37,29,1073,297,0.006523921
37,30,1110,298,0.005678073
37,31,1147,307,0.005804891
37,32,1184,295,0.006442676
37,33,1221,292,0.007137699
37,34,1258,275,0.006404602
37,35,1295,281,0.007040905
37,36,1332,287,0.005494342
37,37,1369,291,0.004230430
37,38,1406,292,0.005326115
37,39,1443,283,0.005862094
37,40,1480,278,0.006741218
37,41,1517,289,0.004603828
37,42,1554,282,0.006194123
37,43,1591,293,0.007794530
37,44,1628,293,0.005765111
37,45,1665,313,0.006405281
37,46,1702,282,0.005135606
37,47,1739,279,0.006380739
37,48,1776,293,0.006260128
37,49,1813,300,0.006242916
37,50,1850,300,0.005837517
38,1,38,293,0.006116202
38,2,76,267,0.006600063
38,3,114,299,0.005677304
38,4,152,284,0.006951934
38,5,190,281,0.006651766
38,6,228,283,0.008051690
38,7,266,305,0.004859111
38,8,304,289,0.007459747
38,9,342,290,0.005346076
38,10,380,295,0.004470714
38,11,418,276,0.004803264
38,12,456,289,0.005592457
38,13,494,292,0.005867487
38,14,532,284,0.005691481
38,15,570,283,0.005980114
38,16,608,276,0.006831611
38,17,646,271,0.005453477
38,18,684,295,0.006564156
38,19,722,293,0.006370757
38,20,760,274,0.005487967
38,21,798,283,0.006596123
38,22,836,274,0.006541864
38,23,874,282,0.006026164
38,24,912,286,0.005492892
38,25,950,288,0.005766250
38,26,988,286,0.006090999
38,27,1026,292,0.006185317
38,28,1064,275,0.006466872
38,29,1102,285,0.006201890
38,30,1140,306,0.005923485
38,31,1178,284,0.007038372
38,32,1216,287,0.010199385
38,33,1254,327,0.015916493
38,34,1292,292,0.011666114
38,35,1330,292,0.007247820
38,36,1368,280,0.004918886
38,37,1406,290,0.022647854
38,38,1444,295,0.008068428
38,39,1482,332,0.007439194
38,40,1520,285,0.009565020
38,41,1558,272,0.007132120
38,42,1596,292,0.007124023
38,43,1634,304,0.007380234
38,44,1672,297,0.004595233
38,45,1710,313,0.004998532
38,46,1748,284,0.005474578
38,47,1786,284,0.004434744
38,48,1824,289,0.004627850
38,49,1862,298,0.004467029
38,50,1900,271,0.007070516
39,1,39,310,0.004971727
39,2,78,298,0.004942984
39,3,117,272,0.004911296
39,4,156,274,0.005801711
39,5,195,276,0.005995417
39,6,234,281,0.006282396
39,7,273,295,0.005711517
39,8,312,276,0.005651908
39,9,351,300,0.004636847
39,10,390,289,0.087562190
39,11,429,299,0.008779816
39,12,468,285,0.005438106
39,13,507,302,0.004412190
39,14,546,286,0.015679711
39,15,585,281,0.006828225
39,16,624,281,0.003979549
39,17,663,287,0.003641433
39,18,702,278,0.003380250
39,19,741,282,0.004868501
39,20,780,271,0.004503467
39,21,819,292,0.005649831
39,22,858,288,0.005370722
39,23,897,287,0.006621172
39,24,936,295,0.005993820
39,25,975,280,0.005823963
39,26,1014,314,0.006101316
39,27,1053,298,0.003934889
39,28,1092,293,0.007685286
39,29,1131,283,0.013716497
39,30,1170,281,0.014558030
39,31,1209,297,0.019274281
39,32,1248,301,0.007363974
39,33,1287,308,0.014735747
39,34,1326,278,0.007213626
39,35,1365,276,0.005890030
39,36,1404,287,0.010388623
39,37,1443,280,0.005865079
39,38,1482,290,0.007479090
39,39,1521,283,0.007668369
39,40,1560,270,0.007631761
39,41,1599,269,0.006385248
39,42,1638,281,0.005946128
39,43,1677,314,0.006614292
39,44,1716,301,0.006070965
39,45,1755,284,0.005766220
39,46,1794,297,0.006972470
39,47,1833,278,0.005203050
39,48,1872,270,0.010428414
39,49,1911,277,0.010039351
39,50,1950,284,0.006446805
40,1,40,279,0.005249628
40,2,80,280,0.009727353
40,3,120,271,0.005790906
40,4,160,273,0.004461275
40,5,200,275,0.060063398
40,6,240,314,0.004988080
40,7,280,292,0.006659977
40,8,320,316,0.007195665
40,9,360,280,0.010136037
40,10,400,296,0.007376441
40,11,440,279,0.004913976
40,12,480,283,0.004557321
40,13,520,300,0.006590779
40,14,560,297,0.004978088
40,15,600,282,0.006522199
40,16,640,278,0.004300810
40,17,680,282,0.005568668
40,18,720,276,0.005646105
40,19,760,290,0.004279816
40,20,800,301,0.005559786
40,21,840,315,0.006518747
40,22,880,280,0.005707499
40,23,920,281,0.006749509
40,24,960,273,0.005881285
40,25,1000,312,0.005481933
40,26,1040,283,0.006019621
40,27,1080,297,0.006878278
40,28,1120,282,0.004699464
40,29,1160,278,0.004921820
40,30,1200,280,0.006104195
40,31,1240,299,0.006193252
40,32,1280,306,0.005291030
40,33,1320,286,0.006825840
40,34,1360,277,0.005822670
40,35,1400,291,0.006190704
40,36,1440,347,0.007211577
40,37,1480,294,0.004547393
40,38,1520,283,0.004341891
40,39,1560,292,0.004224667
40,40,1600,318,0.003918345
40,41,1640,326,0.005663777
40,42,1680,287,0.003788844
40,43,1720,285,0.005503566
40,44,1760,297,0.006820583
40,45,1800,292,0.005746678
40,46,1840,279,0.004863929
40,47,1880,296,0.005893890
40,48,1920,283,0.003934239
40,49,1960,291,0.006690292
40,50,2000,284,0.004517902
41,1,41,274,0.005972930
41,2,82,285,0.008115394
41,3,123,278,0.006444197
41,4,164,282,0.007028773
41,5,205,293,0.005690805
41,6,246,271,0.007080083
41,7,287,283,0.006804091
41,8,328,285,0.005379551
41,9,369,286,0.007529444
41,10,410,293,0.006940389
41,11,451,285,0.005659547
41,12,492,285,0.007009369
41,13,533,293,0.007529790
41,14,574,275,0.007012838
41,15,615,296,0.006452085
41,16,656,276,0.007653589
41,17,697,304,0.006356324
41,18,738,295,0.007103105
41,19,779,285,0.005406993
41,20,820,284,0.005596958
41,21,861,287,0.005742940
41,22,902,281,0.005311879
41,23,943,283,0.006104861
41,24,984,285,0.006948633
41,25,1025,283,0.005512184
41,26,1066,304,0.004887742
41,27,1107,308,0.006556632
41,28,1148,280,0.006087899
41,29,1189,277,0.004386839
41,30,1230,278,0.005923591
41,31,1271,284,0.004166944
41,32,1312,294,0.005109003
41,33,1353,295,0.005618082
41,34,1394,300,0.006593548
41,35,1435,287,0.005226550
41,36,1476,294,0.005654851
41,37,1517,287,0.006367394
41,38,1558,287,0.005254012
41,39,1599,299,0.006083602
41,40,1640,284,0.006776224
41,41,1681,300,0.005037866
41,42,1722,302,0.005820032
41,43,1763,268,0.006431585
41,44,1804,294,0.004877762
41,45,1845,280,0.006230073
41,46,1886,290,0.005972490
41,47,1927,302,0.005174632
41,48,1968,306,0.006197790
41,49,2009,292,0.005104419
41,50,2050,287,0.005589587
42,1,42,283,0.004870285
42,2,84,283,0.005602797
42,3,126,297,0.006431781
42,4,168,273,0.008085694
42,5,210,277,0.004476389
42,6,252,289,0.004920357
42,7,294,285,0.007466671
42,8,336,287,0.008690898
42,9,378,276,0.005326960
42,10,420,316,0.003993007
42,11,462,289,0.004203982
42,12,504,283,0.005969960
42,13,546,307,0.003946825
42,14,588,287,0.004371229
42,15,630,303,0.006167782
42,16,672,296,0.004324998
42,17,714,276,0.004153310
42,18,756,301,0.004378208
42,19,798,300,0.005223009
42,20,840,288,0.005891199
42,21,882,275,0.006135986
42,22,924,301,0.005813592
42,23,966,281,0.006410979
42,24,1008,294,0.004010681
42,25,1050,301,0.006268719
42,26,1092,273,0.005697624
42,27,1134,279,0.005815791
42,28,1176,277,0.004821314
42,29,1218,285,0.005100402
42,30,1260,276,0.004504077
42,31,1302,292,0.006579478
42,32,1344,284,0.005060218
42,33,1386,284,0.005525397
42,34,1428,284,0.006297585
42,35,1470,304,0.005770639
42,36,1512,291,0.005744923
42,37,1554,312,0.006392118
42,38,1596,285,0.007092064
42,39,1638,273,0.005519892
42,40,1680,289,0.006279314
42,41,1722,290,0.006625370
42,42,1764,285,0.009077609
42,43,1806,318,0.007312385
42,44,1848,289,0.006253456
42,45,1890,288,0.006844721
42,46,1932,308,0.008462788
42,47,1974,292,0.008017846
42,48,2016,269,0.006263115
42,49,2058,279,0.005871864
42,50,2100,285,0.004857071
43,1,43,286,0.007229737
43,2,86,271,0.004878609
43,3,129,300,0.006990402
43,4,172,289,0.007381531
43,5,215,279,0.006671905
43,6,258,288,0.006843426
43,7,301,286,0.006709073
43,8,344,289,0.005872416
43,9,387,290,0.006293853
43,10,430,275,0.003856470
43,11,473,297,0.005253347
43,12,516,283,0.005816023
43,13,559,283,0.004458818
43,14,602,273,0.006845096
43,15,645,293,0.003714479
43,16,688,290,0.005207696
43,17,731,282,0.004225537
43,18,774,336,0.007661095
43,19,817,285,0.003955971
43,20,860,277,0.004039201
43,21,903,288,0.004135249
43,22,946,293,0.005733279
43,23,989,294,0.007170357
43,24,1032,327,0.004446139
43,25,1075,285,0.005886869
43,26,1118,277,0.006040426
43,27,1161,283,0.005946626
43,28,1204,291,0.006637088
43,29,1247,284,0.006559018
43,30,1290,297,0.006326971
43,31,1333,288,0.015151427
43,32,1376,302,0.003899947
43,33,1419,328,0.006946467
43,34,1462,277,0.005313935
43,35,1505,268,0.004844864
43,36,1548,279,0.005572462
43,37,1591,293,0.005630749
43,38,1634,285,0.005477231
43,39,1677,298,0.005236390
43,40,1720,282,0.004484756
43,41,1763,288,0.006251664
43,42,1806,303,0.006456493
43,43,1849,275,0.005103660
43,44,1892,270,0.006043075
43,45,1935,308,0.006245485
43,46,1978,291,0.008386086
43,47,2021,275,0.006183962
43,48,2064,311,0.007010610
43,49,2107,296,0.007101804
43,50,2150,281,0.006183760
44,1,44,293,0.005829877
44,2,88,311,0.006518844
44,3,132,292,0.003901850
44,4,176,301,0.004311337
44,5,220,278,0.003303773
44,6,264,286,0.005015164
44,7,308,298,0.005784237
44,8,352,276,0.003788805
44,9,396,287,0.003726311
44,10,440,282,0.005866256
44,11,484,301,0.006544625
44,12,528,283,0.007374893
44,13,572,280,0.004617417
44,14,616,287,0.006217251
44,15,660,295,0.007009117
44,16,704,273,0.006582885
44,17,748,275,0.007098777
44,18,792,298,0.006492575
44,19,836,271,0.007096493
44,20,880,273,0.005243216
44,21,924,268,0.005877265
44,22,968,283,0.004969925
44,23,1012,308,0.006643005
44,24,1056,296,0.006781294
44,25,1100,283,0.006830612
44,26,1144,291,0.005526080
44,27,1188,273,0.005222414
44,28,1232,286,0.005386042
44,29,1276,278,0.005886582
44,30,1320,278,0.006920800
44,31,1364,286,0.007170796
44,32,1408,283,0.005833600
44,33,1452,282,0.006217788
44,34,1496,284,0.005324825
44,35,1540,287,0.003844585
44,36,1584,273,0.005426154
44,37,1628,295,0.005825512
44,38,1672,294,0.006702514
44,39,1716,278,0.006665718
44,40,1760,287,0.005266872
44,41,1804,293,0.006010397
44,42,1848,284,0.005794351
44,43,1892,307,0.013456517
44,44,1936,281,0.006738257
44,45,1980,277,0.004058345
44,46,2024,314,0.005007759
44,47,2068,293,0.004731332
44,48,2112,290,0.005863038
44,49,2156,281,0.004457847
44,50,2200,272,0.006498623
45,1,45,313,0.004093862
45,2,90,306,0.005741774
45,3,135,295,0.004285597
45,4,180,291,0.004035233
45,5,225,279,0.006775581
45,6,270,284,0.008914865
45,7,315,299,0.004780244
45,8,360,317,0.006207495
45,9,405,286,0.006399852
45,10,450,306,0.004414118
45,11,495,291,0.006134128
45,12,540,297,0.005054312
45,13,585,293,0.006294642
45,14,630,295,0.004674526
45,15,675,271,0.006222796
45,16,720,279,0.005607822
45,17,765,301,0.008768933
45,18,810,271,0.007085494
45,19,855,284,0.006514142
45,20,900,294,0.007400980
45,21,945,281,0.004586176
45,22,990,297,0.004985195
45,23,1035,317,0.005586935
45,24,1080,285,0.006082967
45,25,1125,287,0.006454979
45,26,1170,295,0.005481903
45,27,1215,288,0.006087163
45,28,1260,286,0.006767851
45,29,1305,299,0.006896450
45,30,1350,276,0.005775866
45,31,1395,278,0.006575237
45,32,1440,270,0.007921453
45,33,1485,274,0.005854952
45,34,1530,280,0.006464139
45,35,1575,273,0.005875546
45,36,1620,291,0.006577467
45,37,1665,299,0.005694140
45,38,1710,282,0.005916197
45,39,1755,277,0.004576698
45,40,1800,284,0.005875199
45,41,1845,294,0.005757031
45,42,1890,297,0.007073176
45,43,1935,281,0.004663973
45,44,1980,288,0.005671582
45,45,2025,293,0.005119442
45,46,2070,284,0.004627876
45,47,2115,287,0.006185208
45,48,2160,301,0.005881013
45,49,2205,286,0.004446502
45,50,2250,282,0.005179547
46,1,46,287,0.006301468
46,2,92,303,0.005481409
46,3,138,304,0.005688065
46,4,184,313,0.005760554
46,5,230,308,0.006063231
46,6,276,275,0.005188078
46,7,322,303,0.005417170
46,8,368,304,0.004874488
46,9,414,291,0.003728520
46,10,460,291,0.068026086
46,11,506,291,0.004294990
46,12,552,284,0.003957262
46,13,598,283,0.005289730
46,14,644,296,0.006355804
46,15,690,288,0.004753171
46,16,736,291,0.004316946
46,17,782,295,0.004252663
46,18,828,289,0.007261315
46,19,874,339,0.005532322
46,20,920,308,0.008253268
46,21,966,287,0.004546680
46,22,1012,269,0.005334314
46,23,1058,290,0.005717758
46,24,1104,292,0.005068122
46,25,1150,286,0.005213964
46,26,1196,288,0.006435402
46,27,1242,279,0.005828729
46,28,1288,297,0.008451711
46,29,1334,301,0.006077604
46,30,1380,286,0.006167245
46,31,1426,296,0.025546766
46,32,1472,276,0.004892548
46,33,1518,271,0.006152854
46,34,1564,277,0.004520562
46,35,1610,284,0.003935521
46,36,1656,300,0.005258485
46,37,1702,283,0.005642231
46,38,1748,277,0.005531310
46,39,1794,283,0.006577782
46,40,1840,305,0.005693568
46,41,1886,311,0.006476605
46,42,1932,270,0.007085683
46,43,1978,279,0.006719000
46,44,2024,298,0.005537503
46,45,2070,276,0.006839257
46,46,2116,301,0.007914697
46,47,2162,299,0.005573196
46,48,2208,294,0.008628182
46,49,2254,284,0.006078605
46,50,2300,292,0.006843153
47,1,47,303,0.006385340
47,2,94,276,0.006230028
47,3,141,273,0.007072491
47,4,188,272,0.006728567
47,5,235,282,0.005156619
47,6,282,287,0.006326371
47,7,329,284,0.005711943
47,8,376,281,0.007642852
47,9,423,293,0.007100975
47,10,470,287,0.006191581
47,11,517,290,0.005377280
47,12,564,272,0.005754150
47,13,611,287,0.004743209
47,14,658,297,0.005764073
47,15,705,271,0.005031407
47,16,752,290,0.006306023
47,17,799,292,0.005861794
47,18,846,286,0.006424261
47,19,893,284,0.006278332
47,20,940,305,0.005918517
47,21,987,279,0.005446993
47,22,1034,280,0.006318733
47,23,1081,288,0.006512285
47,24,1128,286,0.006090924
47,25,1175,282,0.005941430
47,26,1222,297,0.007115103
47,27,1269,312,0.004825048
47,28,1316,282,0.005043677
47,29,1363,296,0.005087985
47,30,1410,284,0.005428691
47,31,1457,297,0.006456789
47,32,1504,294,0.006116719
47,33,1551,290,0.005941269
47,34,1598,288,0.005890847
47,35,1645,287,0.005138869
47,36,1692,293,0.006644075
47,37,1739,304,0.005808868
47,38,1786,289,0.004620732
47,39,1833,279,0.006121117
47,40,1880,282,0.005718503
47,41,1927,307,0.006818236
47,42,1974,294,0.006746666
47,43,2021,305,0.006328204
47,44,2068,290,0.005206332
47,45,2115,285,0.005137343
47,46,2162,307,0.006411667
47,47,2209,269,0.006230362
47,48,2256,299,0.005323815
47,49,2303,304,0.004600005
47,50,2350,296,0.004353579
48,1,48,288,0.003888703
48,2,96,289,0.004282619
48,3,144,275,0.005085238
48,4,192,272,0.009564278
48,5,240,278,0.007829237
48,6,288,300,0.005506491
48,7,336,292,0.005101297
48,8,384,283,0.004574007
48,9,432,291,0.006326180
48,10,480,273,0.008689086
48,11,528,284,0.006418770
48,12,576,341,0.007299960
48,13,624,273,0.004934750
48,14,672,281,0.006386795
48,15,720,290,0.005722105
48,16,768,272,0.006702300
48,17,816,290,0.004767377
48,18,864,276,0.004960561
48,19,912,290,0.004083746
48,20,960,291,0.005968643
48,21,1008,312,0.006262380
48,22,1056,284,0.006252173
48,23,1104,296,0.006074182
48,24,1152,286,0.005899684
48,25,1200,278,0.004561137
48,26,1248,293,0.005496641
48,27,1296,294,0.005010095
48,28,1344,317,0.006815804
48,29,1392,285,0.006148288
48,30,1440,308,0.008275474
48,31,1488,312,0.005248117
48,32,1536,335,0.005889765
48,33,1584,276,0.005389682
48,34,1632,315,0.006548722
48,35,1680,279,0.005228920
48,36,1728,345,0.009005976
48,37,1776,315,0.012251442
48,38,1824,327,0.006627271
48,39,1872,292,0.005690223
48,40,1920,282,0.004941609
48,41,1968,280,0.005719026
48,42,2016,287,0.006292759
48,43,2064,276,0.005332837
48,44,2112,296,0.005294666
48,45,2160,291,0.006995693
48,46,2208,290,0.006058068
48,47,2256,285,0.006456096
48,48,2304,303,0.006508602
48,49,2352,305,0.007353539
48,50,2400,278,0.004916519
49,1,49,305,0.005422778
49,2,98,265,0.007795525
49,3,147,289,0.007069876
49,4,196,292,0.006778779
49,5,245,302,0.004915462
49,6,294,290,0.005700814
49,7,343,298,0.006134878
49,8,392,298,0.004867141
49,9,441,323,0.005771009
49,10,490,283,0.006069514
49,11,539,288,0.004712922
49,12,588,293,0.006284026
49,13,637,290,0.003628950
49,14,686,281,0.003966237
49,15,735,285,0.005069576
49,16,784,283,0.005064360
49,17,833,274,0.005824070
49,18,882,307,0.005005014
49,19,931,284,0.006705896
49,20,980,299,0.007799335
49,21,1029,277,0.006962775
49,22,1078,281,0.006747831
49,23,1127,279,0.006995674
49,24,1176,293,0.006282298
49,25,1225,296,0.006581765
49,26,1274,288,0.006000003
49,27,1323,281,0.005401556
49,28,1372,281,0.007773057
49,29,1421,302,0.006536505
49,30,1470,287,0.005301774
49,31,1519,286,0.005694291
49,32,1568,273,0.006393515
49,33,1617,292,0.006063257
49,34,1666,294,0.005950635
49,35,1715,296,0.005595011
49,36,1764,300,0.003856546
49,37,1813,284,0.007182311
49,38,1862,275,0.005243118
49,39,1911,294,0.003907057
49,40,1960,281,0.003945592
49,41,2009,273,0.003856477
49,42,2058,288,0.003925194
49,43,2107,299,0.005906713
49,44,2156,276,0.004655992
49,45,2205,290,0.004921859
49,46,2254,299,0.005689752
49,47,2303,307,0.004157243
49,48,2352,283,0.005141819
49,49,2401,285,0.005831010
49,50,2450,281,0.006737020
50,1,50,303,0.006378059
50,2,100,296,0.006018151
50,3,150,288,0.007486272
50,4,200,295,0.008001582
50,5,250,275,0.007783470
50,6,300,277,0.007169695
50,7,350,281,0.007028394
50,8,400,280,0.005307909
50,9,450,295,0.005217929
50,10,500,283,0.004690774
50,11,550,292,0.004576532
50,12,600,292,0.006572957
50,13,650,307,0.006445925
50,14,700,288,0.006573153
50,15,750,301,0.006955411
50,16,800,288,0.007766917
50,17,850,296,0.007277868
50,18,900,279,0.007763466
50,19,950,290,0.007541040
50,20,1000,286,0.006077697
50,21,1050,298,0.005154254
50,22,1100,290,0.006172751
50,23,1150,287,0.006375767
50,24,1200,306,0.007484563
50,25,1250,285,0.006331511
50,26,1300,296,0.007342983
50,27,1350,282,0.009471715
50,28,1400,290,0.006582473
50,29,1450,275,0.006055031
50,30,1500,282,0.005290536
50,31,1550,280,0.008123715
50,32,1600,280,0.005106273
50,33,1650,292,0.006925599
50,34,1700,295,0.004927507
50,35,1750,279,0.005567447
50,36,1800,290,0.005101751
50,37,1850,300,0.004469040
50,38,1900,321,0.006179235
50,39,1950,285,0.004248862
50,40,2000,281,0.006349431
50,41,2050,291,0.046946186
50,42,2100,293,0.005303230
50,43,2150,287,0.004705740
50,44,2200,325,0.005868578
50,45,2250,272,0.005108270
50,46,2300,286,0.005987589
50,47,2350,271,0.004438239
50,48,2400,285,0.004991547
50,49,2450,272,0.004764174
50,50,2500,276,0.009728826
